ID,Scheduled,PassThru,Start Time,End Time,Event,School Name,School Code,Sport,PubPoint
80454be6-1828-499d-b398-6c3b38f30a28,scheduled,False,1618008600,1618020000,SB: Middle Tennessee vs Marshall,Conference USA,c-usa,Softball,mtsu_softball
f9547332-f5d5-49e0-bc8f-63ec97466837,scheduled,False,1618073400,1618084800,vs. Ashland,Davenport University,dave,Baseball,davenport_1
cc6a38ff-0b50-4d79-b47f-320b77188954,scheduled,False,1618076700,1618110000,UWG Baseball vs. Union,University of West Georgia,wega,Baseball,westgeorgia_audio2
bc057b3e-4358-4089-aea2-05ac0004396c,scheduled,False,1617822000,1617840000,Bethany at W&J,Presidents Athletic Conference,pac,Softball,washjeff_1
1281a5f2-414e-4349-ab70-63900958ec47,scheduled,False,1618008600,1618020000,BSB AUDIO: Charlotte at FIU,Conference USA,c-usa,Baseball,charlotte_audio2
59005cbd-3119-417e-b95a-d69076c3638c,scheduled,False,1618076700,1618087500,RIT vs Skidmore,Rochester Institute of Technology,rit,Men's Lacrosse,RIT_2
f65881c2-808f-4051-a06a-e1fdbc35cbea,scheduled,False,1618065900,1618092000,DH vs. Delaware Valley University,Fairleigh Dickinson-College at Florham,fduf,Baseball,fdudevils_2
08b942cb-9ba0-4802-907b-09e67f9af910,scheduled,False,1618008000,1618027200,vs. Texas State,Troy University,troy,Baseball,troy_wtbf_1
d80403c7-52ab-4a74-952c-0a8df85ba807,scheduled,False,1618164000,1618174800,WSOC vs. South Dakota State,Western Illinois University,wil,Women's Soccer,wiu_1
d84e227e-592a-489f-b2f5-f908077de6fe,scheduled,False,1618156500,1618167600,NDSU vs South Dakota ,North Dakota State University,ndsu,Softball,gobison_audio2
fc7a5d7d-eece-4c6b-8a77-0686d4f4ef23,scheduled,False,1618160100,1618171200,vs. Hamline University,Macalester College,maca,Women's Soccer,macalester_1
17d8cbb1-bc69-42cd-91a2-2a0e9428e7f5,conflict,False,1618171200,1618182000,Lafayette at Navy (Game 2),Patriot League,patr,Baseball,usna_1
c9a74f78-8e1a-4508-872d-355da92ebc38,conflict,False,1618007400,1618021800,vs. Dixie State ,Grand Canyon University,gcan,Softball,GCU_4
a4c349cd-35c0-4b12-89a6-dff3c01baa14,scheduled,False,1618088100,1618099200,BSB AUDIO: Charlotte at FIU (Game 2),Conference USA,c-usa,Baseball,charlotte_audio2
8b601891-8a1d-4619-8b4d-c9dc3e352d78,scheduled,False,1617994500,1618012800,Baseball vs. Butler,Seton Hall University,seha,Baseball,shu_1
b8229a82-7ffb-4604-9027-739361066864,scheduled,False,1618159800,1618174800,Baseball at Northwestern - Game 3,Rutgers University,rutu,Baseball,rutgersu_audio1
ecdf91c4-7913-4086-93dc-d592b90fa90e,scheduled,False,1618069500,1618081200,Men's Lacrosse vs. Manhattan,Quinnipiac University,quic,Men's Lacrosse,quinnipiac_2
f8433c5b-53ca-43f7-9203-15f271497469,scheduled,False,1618077600,1618102800,South Alabama at Texas State,University of South Alabama,sala,Softball,southalabama_3_audio
f5906d43-fe22-48c1-b033-dd97a184fc7a,scheduled,True,1617843600,1617847200,Paul Petrino Show,University of Idaho,idho,Football,
68cf765f-b0ee-4ab9-b62d-bed3577d089b,scheduled,False,1618083000,1618093800,Navy at Lehigh,Patriot League,patr,Men's Lacrosse,lehigh_1
284ff298-125d-4446-8bdd-3275bc21f048,scheduled,False,1617751800,1617778800,Live Baseball vs Oral Roberts (PREMIUM),Oklahoma,okla,Baseball,oklahoma_base
419e2da3-e3ad-48df-a509-ab020a4795d6,scheduled,False,1618072800,1618095600,Washington & Jefferson at Franciscan,Presidents Athletic Conference,pac,Softball,Franciscan_2
be217f96-f9ec-4543-ba95-8c2db8658b3d,scheduled,True,1618026300,1618038000,vs. Mississippi State,"University of Tennessee, Knoxville",tenn,Softball,
a46dc5b4-45ee-4f3b-b5f3-999b766f7722,scheduled,False,1618026600,1617406504,vs. Indianapolis,Davenport University,dave,Men's Lacrosse,davenport_1
379664e0-4d54-48ac-87df-0a4376f99303,scheduled,True,1618112700,1618124400,vs. Mississippi State,"University of Tennessee, Knoxville",tenn,Softball,
e20d0e2c-239d-4dc4-8292-f82fae9cc901,scheduled,False,1618070400,1618084800,UAlbany vs Binghamton (game 1),America East Conference,aeast,Baseball,binghamton_3
8783946a-d538-4c87-8a96-abdc13cd5448,scheduled,True,1618009200,1618025400,vs. Baylor,West Virginia University,wvir,Baseball,
79e197d2-6356-422a-bfd7-34991e8f9ad9,scheduled,False,1618098900,1618112700,BSB: UAB vs. USM ,Conference USA,c-usa,Baseball,somiss_2
d3f8cc52-aab6-4ee1-aad2-d3acec82f79c,scheduled,True,1618013700,1618036200,vs. West Virginia,Baylor University,bay,Baseball,
b4c429b2-310d-40cf-9a6d-936a0709a05b,scheduled,True,1618086600,1618113600,vs. Marshall,Western Kentucky University,wky,Baseball,
64b8d67d-c9e4-4a2c-9065-8c5502fe8ab6,scheduled,False,1618163100,1618174800,vs. Sam Houston,University of New Orleans,newo,Baseball,uno_tricaster_3
2cb3f4f3-3c25-40b2-92bc-0440ab5e6adf,scheduled,False,1618095000,1618105800,Vermont vs. UMass Lowell,America East Conference,aeast,Men's Lacrosse,lowell_2
efd54398-4024-4524-a3a2-a207e644baec,scheduled,True,1617834600,1617856200,vs. Nicholls,University of Louisiana at Lafayette,ulaf,Baseball,
d0fdc8ae-a0db-4297-8999-b9bda5e20997,scheduled,True,1617832500,1617854400,vs. Florida A&M,University of Florida,fla,Baseball,
7a401730-63ec-454e-a478-b6ac2bc66ab7,scheduled,False,1618159800,1618178400,vs. North Carolina A&T,North Carolina Central University,nccu,Baseball,nccu_audio1
08666d9a-dfea-4f0a-a181-00e0da524207,scheduled,False,1618008600,1618020000,vs. Arkansas (Audio Only),"University of Alabama, Tuscaloosa",alab,Softball,rolltide_audio2
67d04166-d177-458b-b0fd-01fe4b06bfc3,scheduled,False,1618076400,1618090200,Football vs. Martin Luther,University of Minnesota Morris,mnmr,Football,minnmorris_1
5fb2e94b-39db-4490-a764-ce5b134221e2,scheduled,False,1617837600,1617847200,Penn State Behrend at Geneva,Presidents Athletic Conference,pac,General,geneva_1
8d77610b-4139-4138-bc84-c54661934170,scheduled,True,1618163100,1618178400,Audio: Alabama,Texas A&M University,tam,Baseball,
55789a9e-1a21-44e1-a722-523cb2073bba,scheduled,False,1618167300,1618180200,BB vs. Rhodes,Centre College,cenr,Baseball,colonels_3
4ce33196-732b-41a5-a0b2-8f6bcda39934,scheduled,False,1617997800,1618012800,Baseball at Northwestern - Game 1,Rutgers University,rutu,Baseball,rutgersu_audio1
5bfc36c9-2bbd-4841-b0c6-a3b3926aaeb6,scheduled,False,1618084800,1618095600,vs. Bethel College (Ind.),Madonna University,mdna,Women's Lacrosse,madonna_MAC
a9982afc-5498-45dd-a1f5-7d0c36472fbd,scheduled,False,1618069200,1618079340,Thiel at Franciscan,Presidents Athletic Conference,pac,Women's Lacrosse,Franciscan_1
0095fa93-d54a-4304-9d2c-1cfc82bef9b6,scheduled,False,1617831900,1617840900,WSoc vs Loras,University of Dubuque,dubu,Women's Soccer,dubuque_1
a04107f4-4860-43d5-b71f-1489b6c1ba30,scheduled,False,1618081200,1618095600,vs. Dixie State ,Grand Canyon University,gcan,Softball,GCU_4
65136687-8b7d-4ce6-911e-851a24221d66,scheduled,False,1617832800,1617854400,vs. BRYANT AND STRATTON COLLEGE,Heartland Community College,heartlandcc,Men's Soccer,HCC_2
1dac199a-81fb-48ec-91e8-b8faaaaec429,scheduled,False,1618003800,1618014000,Lafayette at Lehigh ,Patriot League,patr,Women's Soccer,lehigh_1
113e6ff0-e7b2-4c57-a249-2386304779f3,scheduled,False,1618159800,1618178400,vs. Ferris State,Davenport University,dave,Softball,davenport_2
eb41d7e5-7047-4dcb-b26c-631c4124f355,scheduled,False,1618074000,1618092000,vs. Illinois Wesleyan University,North Central College,noce,Women's Lacrosse,NCTV_1
b28d16fb-3562-425d-a093-ea73168a9a2a,scheduled,False,1618160400,1618171200,WSOC: Saint Joseph's vs. La Salle,Atlantic 10 Conference,atl10,Women's Soccer,saintjosephs_1
80a3d118-fd63-49e3-91ba-d74743fe9780,conflict,False,1618077600,1618088400,Lafayette at Colgate (Game 2 of 2),Patriot League,patr,Softball,colgate_1
8377dbed-928a-4555-b2be-22cef532fd2d,scheduled,False,1618070400,1618092000,vs. Elmhurst University,North Central College,noce,Baseball,northcentral_1
2aa2046c-3c0e-4890-aa92-2f7f910ea7f6,scheduled,True,1618083900,1618106400,vs. Missouri,"University of South Carolina, Columbia",scar,Baseball,
5fee4b86-f930-4ee3-97c0-a91961798d5d,scheduled,True,1618080300,1618092000,vs. UAB,University of Southern Mississippi,smis,Baseball,
d0bb8b23-ea32-47cd-9cc2-18f2a1426cda,scheduled,True,1618098300,1618110000,Audio: TCU,Texas A&M University,tam,Women's Soccer,
3f6dc915-733e-41bb-b21d-52eaf407576a,scheduled,False,1617834600,1617847200,Men's Soccer vs. TBD (NJAC Quarterfinals),"Rutgers, The State Univ. of New Jersey, Camden",rutc,Men's Soccer,rcamden_1
0f14976a-17f0-4b24-a979-a00761f8576a,scheduled,False,1617835500,1617847200,vs. Cornerstone University (Mich.),Aquinas College,aqui,Women's Soccer,aquinas_2
adbc7e3b-60ee-4b6f-8a61-bf6aceb44ccd,scheduled,False,1618112700,1618128000,vs. Purdue,Indiana University,ind,Softball,indiana_3
aef1207d-3e36-4c3b-ba27-1a639c0ea7a2,scheduled,False,1618076700,1618088400,vs. Lourdes University,Aquinas College,aqui,Men's Lacrosse,aquinas_2
b2322460-9942-4ca8-8ece-9a3b253b4073,scheduled,True,1618180200,1618196400,vs. Oregon,Oregon State University,orst,Baseball,
7fa42c16-8c9e-452d-b9b2-589357e8c829,ended,False,1618073100,1617548552,UTD SBALL vs BELHAVEN,University of Texas-Dallas,utd,Softball,utdallas_1
3aaca9fb-e1e9-4096-acfe-0e3869812464,scheduled,False,1618081200,1618113540,GGC Softball vs Truett-McConnell (Ga.) - Game 2,Georgia Gwinnet College,ggc,Softball,Gwinnett_5
af14d14e-f62f-45ff-a062-545ebc9da360,scheduled,True,1617833700,1617845400,vs. Tennessee Tech,"University of Tennessee, Knoxville",tenn,Softball,
4417a854-0944-444e-aaaa-9eebd0e667e7,scheduled,False,1618162200,1618171200,Holy Cross at Army West Point ,Patriot League,patr,Baseball,usma_1
f97e2a7d-5b47-42ce-b44e-2a5118bb6325,scheduled,True,1617749100,1617771600,vs. North Carolina,"University of South Carolina, Columbia",scar,Baseball,
2a3e3441-0ad5-44d9-90c1-fe2439bfece8,scheduled,True,1617745500,1617769800,vs. Appalachian State,North Carolina State University,ncst,Baseball,
8880613c-88a0-423b-a6a9-2cfe7c8a9d36,scheduled,False,1618170300,1618182900,Sb vs BenU G2,Dominican University (Illinois),domi,Softball,dustars_3
51d23407-0c04-49fb-b57a-ece5a81b4bf4,scheduled,False,1618076700,1618092000,vs. Illinois,Indiana University,ind,Baseball,indiana_1
eec74082-c618-4768-b9ed-52234734e2e3,scheduled,False,1617823200,1617841800,vs. Northwood,Davenport University,dave,Softball,davenport_2
4554beb4-b53c-4571-8178-b2a1776de831,scheduled,True,1618163100,1618185600,vs. UAB,University of Southern Mississippi,smis,Baseball,
11a9fc67-339d-4d53-a514-44efe9052dae,scheduled,False,1617836400,1617847200,MSOC: Saint Joseph's vs. La Salle,Atlantic 10 Conference,atl10,Men's Soccer,saintjosephs_1
e5a834b1-421b-4d5f-9bca-0279ae120dd6,scheduled,False,1617813900,1617825600,Binghamton vs New Hampshire,America East Conference,aeast,Women's Lacrosse,unh_1
5d5772ff-57d3-480d-89a2-7bac73b94778,scheduled,False,1618153200,1618164000,SU Women's Tennis,Syracuse University,syr,Women's Tennis,syr_2
4d7c75e4-0bd8-4559-a0c0-43081854f88d,scheduled,True,1618163100,1618182000,BSB: WKU vs Marshall,Conference USA,c-usa,Baseball,
9852d3d6-ca7a-405b-920f-8a69e07eb15d,conflict,False,1617838800,1617849000,Washington & Jefferson at Franciscan,Presidents Athletic Conference,pac,Men's Soccer,Franciscan_1
eed0f522-63ca-4252-b952-19894bbf8d2c,scheduled,False,1617822000,1617834600,Lafayette at Lehigh ,Patriot League,patr,Baseball,lehigh_1
a865e480-d4af-4702-9648-0d4bcaa20980,scheduled,True,1618083000,1618099200,vs. Baylor,West Virginia University,wvir,Baseball,
537f7f3f-c6ae-4aae-baa2-54bf276f0606,scheduled,False,1618003800,1618027140,GGC Baseball vs Webber International (Fla.),Georgia Gwinnet College,ggc,Baseball,Gwinnett_5
20e5fbeb-8d1e-4583-8399-39877d9f7766,scheduled,False,1618163100,1618174800,vs. Sam Houston,University of New Orleans,newo,Baseball,uno_audio3
ace1de0c-263d-462e-9e28-ff4e2841a07c,scheduled,True,1618007400,1618027200,vs. Arkansas State,University of Louisiana at Lafayette,ulaf,Baseball,
0cd8d7be-3465-4b91-b23d-9af68fc15d55,scheduled,False,1618007400,1618020000,vs. Wilkes University,King's College (Pennsylvania),kipa,Women's Soccer,kings_1
23c4b0d9-c6b8-41b8-a875-266eb7d69100,scheduled,False,1617831900,1617843600,Women's Volleyball vs. Elmhurst,Illinois Wesleyan University,illw,Women's Volleyball,IWUTitans_1
b65f52a6-6373-4fd1-ba3c-12a50fa779a6,scheduled,True,1618008300,1618020000,Audio: Auburn,Texas A&M University,tam,Softball,
904d991e-2adf-46d9-9100-298348535a95,scheduled,True,1618077600,1617662248,FB vs. South Dakota (Audio),South Dakota State University,sdst,Football,
a76b7470-578a-4f34-95e6-c9acde394af0,scheduled,False,1618004700,1618014600,SB: CLT vs FAU,Conference USA,c-usa,Softball,fau_2
63eb70bf-2faa-45b9-8873-6bfcec90c200,scheduled,False,1617993900,1618005600,Women's Lacrosse vs. Manhattan,Quinnipiac University,quic,Women's Lacrosse,quinnipiac_1
a90d1a5d-b3c2-436d-9a98-d06ef7c504ed,scheduled,False,1618156800,1618171200,UAlbany vs Binghamton (game 1),America East Conference,aeast,Baseball,binghamton_3
365c61c8-135c-419d-9329-913471436f22,scheduled,False,1618164000,1618182000,vs. Northern Colorado,Grand Canyon University,gcan,Baseball,GCU_3
f63a16c7-1e7a-4e2f-8a81-23cb9a9b7d63,scheduled,True,1617750000,1617769800,Baseball vs. Southern,Mississippi State University,msst,Baseball,
ab5d6f57-bf36-4a68-9657-ec4519ed1f4d,scheduled,True,1617843600,1617847200,NAU Coaches Radio Show,Northern Arizona University,nazu,General,
a7ec2984-a94e-4354-b5a5-9805f5c3f5a6,scheduled,False,1617986700,1618002000,vs. Shepherd,Millersville University,mvil,Softball,millersville_2
fe45ccb8-d3b1-4bab-b89a-59d7cd9c1a4f,scheduled,False,1618156800,1618167600,FH vs. Villanova,Temple University,tem,Field Hockey,temple_3
c5f8eb2c-1faf-47d4-8e6a-96e6ff507874,scheduled,True,1617922800,1617933600,Sports Nightly Audio,Nebraska,neb,General,
46820869-aeaa-4562-96f1-9909763c7044,scheduled,False,1618079400,1618092000,vs. Kean University,William Paterson University,wpat,Baseball,wpunj_2
427de4ca-558b-4a21-a1ea-edbde03b08ec,scheduled,False,1617896700,1617901260,Behind The Web Presented by Davenport & Co.,University of Richmond,rich,Football,richmond_audioimg
9b03b9ff-2a46-4031-9518-ce8b87b3d955,scheduled,False,1618000200,1618025700,Ocean State Invitational,Providence College,prov,Women's Track and Field,providence_2
84b0747e-d282-4ea6-86a3-656003964834,scheduled,True,1617749400,1617768000,vs. Austin Peay (Audio Only),Southern Illinois University at Carbondale,silu,Baseball,
dae972ac-230f-4ce1-89be-74f50ee2e6b0,conflict,False,1618087800,1618099200,vs. University of Mary Hardin-Baylor,Howard Payne University,howp,Baseball,howardpayne_2
fe00b08b-4ec5-4443-8566-b2bc2fdf49e6,scheduled,False,1618073880,1618081200,Softball vs. Cedarville (Game One),Wayne State University,wyst,Softball,waynestate_3
5c8dc50d-af72-458f-8458-91c43ccaec99,scheduled,False,1618094700,1618111800,Football vs. North Park,Illinois Wesleyan University,illw,Football,IWUTitans_3
eefd1606-ce88-4685-aae7-cfdd1e7761b9,scheduled,True,1618069500,1618077600,vs. UTSA,University of Southern Mississippi,smis,Softball,
957afaa3-088b-4f50-bff3-aa3ea9c92cdd,scheduled,True,1618087500,1618099200,Audio: Auburn,Texas A&M University,tam,Softball,
3a35b9bb-f93e-4c9f-8acb-d77c6c8b77d0,scheduled,False,1618070100,1618095600,vs. Purchase College,Manhattanville College,manv,Softball,mv_2
e31aa0af-51f7-4d01-9d69-9adbbd673bf0,scheduled,False,1618097100,1618112700,Demon Football at Incarnate Word,Northwestern State University,nwst,Football,nsula_audio2
5d32814b-dcdc-49e8-9a52-44f13b1b81d8,scheduled,False,1617843000,1617861600,Azusa Pacific Softball vs. Chapman (Game Two),Azusa Pacific University,azus,Softball,APUSoftball_2
c7a52ec6-e895-41da-ab2c-dadc2162a723,scheduled,False,1618155900,1618174800,Women's Lacrosse vs. Butler,VILLANOVA UNIVERSITY,nova,Women's Lacrosse,villanova_2
170a834a-47b8-4926-a75d-8a05a40634a5,scheduled,False,1618073400,1618081200,UMass Lowell vs. Stony Brook (Game 1),America East Conference,aeast,Softball,stonybrook_3
2bf62428-5dea-4727-95fa-88c065f93034,scheduled,True,1618095300,1618117200,vs. Tennessee,University of Florida,fla,Baseball,
3ddd76d8-16e9-4d10-85ed-faff997e7ddd,scheduled,False,1618162200,1618173000,Lehigh at American,Patriot League,patr,Field Hockey,american_1
70a1f144-fd06-4007-8329-414332ba2961,scheduled,False,1618162200,1618174800,vs. Washington University in St. Louis,Millikin University,milk,Softball,millikin_1
726dc78b-fe49-4e76-9d83-03593bb76062,scheduled,False,1618008000,1618020000,vs. Denver,University of Missouri-Kansas City,umkc,Women's Soccer,roos_5
b051b21d-d04d-48fb-9883-3f7f8efee205,scheduled,True,1618070400,1618088700,vs. Penn State,Michigan State University,msu,Baseball,
96534b65-ef27-4efb-a68f-1d5dd8201519,scheduled,False,1618008600,1618020000,Bethany at Geneva,Presidents Athletic Conference,pac,Men's Soccer,geneva_1
2f7d6977-6d36-4d29-a1c4-4e209b39d88a,scheduled,False,1618070400,1618081200,Hartford vs. Maine,America East Conference,aeast,Softball,maine_1
62b130e5-acd0-4c4a-acef-d620688454ff,scheduled,False,1618079400,1618092000,Thiel at Franciscan,Presidents Athletic Conference,pac,Men's Lacrosse,Franciscan_1
0a7a3f07-5844-4246-9c63-4f33c4c419b5,scheduled,False,1618070400,1618084800,FH: Davidson vs. VCU,Atlantic 10 Conference,atl10,Field Hockey,davidson_int
57ecff72-cab2-44dc-924e-890ffc151a55,scheduled,False,1618068600,1618084800,vs. Valparaiso,Morehead State University,more,Football,Morehead_FB
7c097a87-796a-4521-9937-73ee57e022f0,scheduled,True,1618004700,1618027200,vs. North Carolina,Duke University,duke,Baseball,
6c5074a3-9ce1-4a03-9114-0c7091bb9c33,conflict,False,1618091100,1614016469,vs. Sam Houston (GAME 2),University of New Orleans,newo,Baseball,uno_audio3
0d9bdeb0-d175-42f3-ae18-31a02eab22c2,scheduled,False,1618009200,1618020000,WSOC: UAB vs LA Tech,Conference USA,c-usa,Women's Soccer,latech_1
0ce35345-4ef7-4d3d-90d7-b9581c0d57e5,scheduled,False,1617991200,1618002000,Binghamton vs UMBC,America East Conference,aeast,Women's Soccer,umbc_1
c7e3625c-e624-4a18-bc0f-4a4ca4df359b,scheduled,False,1618009800,1618020600,vs. WHAC Tournament Semifinal ,Cornerstone University,cose,Women's Volleyball,cornerstone_1
537c6d0c-1b16-4626-bdce-f690875932f0,scheduled,True,1618073100,1618086600,vs. Marshall ,Western Kentucky University,wky,Baseball,
e048d6a1-90c2-4ffb-8765-41f61e67e05c,scheduled,False,1617915000,1614886517,vs. Yeshiva University,State University College at Old Westbury,olwe,Softball,westbury_4
669c0c54-cedd-4c74-9197-72fe7f39c6e1,conflict,False,1618072200,1618086600,Fordham at Bucknell ,Patriot League,patr,Football,bucknell_1
5926d685-e772-43e5-aa31-b21ce638ce59,scheduled,False,1617926400,1617937200,WSOC: Middle Tennessee vs. Marshall,Conference USA,c-usa,Women's Soccer,marshall_1
aac1407e-9b66-40b9-988d-0242514f7941,scheduled,True,1618005600,1618030800,vs. ULM (Audio Only),Georgia Southern University,geos,Baseball,
cc5bb674-5067-4a23-b559-cd9412ab6e8f,scheduled,False,1618068600,1618081200,NJIT vs UAlbany,America East Conference,aeast,Women's Soccer,njit_1
12d819cb-f64c-4d01-8d02-9177d7d88bdd,scheduled,False,1617839100,1617850800,vs. Illinois Wesleyan University,Millikin University,milk,Women's Soccer,millikin_2
13b0523c-b1da-41dc-918f-f41dbfc1e0bb,scheduled,True,1618080000,1618099200,BSB Game Audio vs. Vanderbilt,University of Georgia,geo,Baseball,
ced71400-dbc6-43e1-a06f-9afc20a0d569,scheduled,False,1618007400,1618023600,vs. York College of Pennsylvania,Messiah College,mess,Field Hockey,messiah_1
311555cd-08c4-4c5e-9ac7-209538a2fafd,scheduled,False,1617832200,1617843600,vs. Fayetteville Tech CC,Methodist University,methodist,Baseball,methodist_1
cbeecf01-4424-4f19-ab8b-48f8f1c3e88b,scheduled,False,1618005600,1618023600,South Alabama at Texas State,University of South Alabama,sala,Softball,southalabama_3_audio
bfef4f4b-c047-4355-a67e-a974e1c94680,scheduled,True,1618080300,1618102800,vs. Rice,Louisiana Tech University,latc,Baseball,
348041a1-0dc1-487a-822e-3f05966e7895,scheduled,True,1618155000,1618180200,vs. ULM (Audio Only),Georgia Southern University,geos,Baseball,
980fb62b-5829-4636-a651-bbf659de3255,scheduled,False,1617987000,1617996600,New Hampshire vs. UMass Lowell,America East Conference,aeast,Field Hockey,lowell_1
3801ca5a-0caf-465f-9a87-54b29417bcb2,scheduled,False,1618155900,1618167600,BSB: ODU vs FAU,Conference USA,c-usa,Baseball,fau_1
43b3f5e8-cdfe-438f-b59a-6a85116a771a,scheduled,False,1617822600,1617834600,vs. Aquinas College (Mich.),Cornerstone University,cose,Softball,cornerstone_2
319a581d-1c0a-4e2e-973f-32ca653136e4,scheduled,False,1617826800,1617836400,Softball vs. Northern Illinois ,DePaul University,depa,Softball,depaul_1
662958ba-870c-4802-a5fd-f961a77a3865,scheduled,True,1617994800,1618013100,vs. Penn State,Michigan State University,msu,Baseball,
3a375bd7-3a5a-44d8-aa3a-c23426ab2c58,scheduled,False,1618048800,1617293219,GGC Men's Tennis vs Point (Ga.),Georgia Gwinnet College,ggc,Men's Tennis,Gwinnett_1
27ee6274-7cae-4dd0-a9e2-2b1cda93e1cf,scheduled,False,1618080300,1618109100,Demon Baseball vs. Lamar DH,Northwestern State University,nwst,Baseball,nsula_video3
90a008cb-d913-4360-b741-2786dadd4a98,scheduled,True,1618008300,1618027200,vs. UTSA,Middle Tennessee State University,mtn,Baseball,
36ff2695-55c0-44c9-88be-4a6027912c1a,scheduled,False,1618001400,1618023600,vs. UNC Asheville,Winthrop University,wint,Baseball,winthrop_audio1
3c90ab4b-5463-4d69-9bae-7a121cc0ae95,scheduled,False,1617835200,1617850800,vs. No. 4 Arcadia or No. 5 Alvernia,Messiah College,mess,Men's Volleyball,messiah_1
360e586d-ee7b-4915-9c55-ab0eaa21747f,scheduled,False,1618080600,1618109400,Demon Baseball vs Lamar DH,Northwestern State University,nwst,Baseball,nsula_audio4
61f3616d-eb1a-4ab3-973b-890b7b975d29,scheduled,False,1618078500,1618088400,UTA Softball vs. Georgia State,University of Texas at Arlington,txar,Softball,utarlington_2
4790a627-1872-48f4-bce6-8a3402fa286f,scheduled,False,1617835500,1617846300,vs. Saint Xavier University (Ill.),Robert Morris Streaming,robertmorris,Men's Soccer,rmuillinois_1
b6a86105-cf3d-4ec4-95f2-e2d80e5b3905,scheduled,True,1617749700,1617768000,vs. ULM,"University of Alabama, Tuscaloosa",alab,Baseball,
db768c3c-e099-493b-9305-ee4a11773c13,scheduled,True,1618005600,1618027140,vs. Duke (Audio Only),"University of North Carolina, Chapel Hill",unc,Baseball,
3fe5af44-53b6-483c-952a-60ac6fcd6776,scheduled,True,1618074000,1618093860,Softball vs. Illinois (DH),Nebraska,neb,Softball,
57a8d5fb-12bd-425d-af02-8a7ddac742df,scheduled,True,1617748200,1617768000,vs. Nicholls,University of Louisiana at Lafayette,ulaf,Baseball,
89774e5d-ca33-4de6-bd8c-f883fb63ecb4,scheduled,False,1618090200,1618099200,Bucknell at Loyola Maryland ,Patriot League,patr,Men's Soccer,lm_1
e6b95050-42ce-43fa-861f-607bf8ce8b9d,scheduled,False,1618000200,1618016400,Field Hockey vs. UConn,Providence College,prov,Field Hockey,providence_3
9022ebe8-64d8-4bc5-b82f-7f15d508436b,scheduled,False,1618073100,1618084800,vs. Saint Joseph's University,Hobart College,hoba,Men's Lacrosse,hws_1
fbe9fd35-063e-422e-9863-e74010cd7495,scheduled,False,1618075500,1618102800,vs. Kentucky,LSU,lsu,Baseball,lsu_1
82ab7893-ff91-4b19-8955-fd76c50b5ac1,scheduled,False,1617990300,1618027140,Women's Soccer: A.I.I. Semifinal #2,Georgia Gwinnet College,ggc,Women's Soccer,Gwinnett_2
1fcf2f48-4afc-484d-a021-63419b467bd6,scheduled,False,1618159500,1618174800,vs. Illinois,Indiana University,ind,Baseball,indiana_1
0acfd006-1def-436a-8f17-ad2ee64b86fb,scheduled,False,1618173000,1618191900,Base vs BenU G2,Dominican University (Illinois),domi,Baseball,dustars_1
545eca3b-1e69-4119-b572-c65901e6287f,scheduled,False,1618068600,1618088400,Navy at Lafayette [Game 1],Patriot League,patr,Baseball,lafayette_1
efc036bb-b172-4a55-9a85-2f2eb3f49de1,scheduled,False,1618072200,1618092000,vs. Arcadia University,King's College (Pennsylvania),kipa,Softball,kings_3
599aeb32-b133-4cec-924b-ef282fe09e4b,scheduled,True,1617922800,1617926400,Carolina Calls,"University of South Carolina, Columbia",scar,Baseball,
e45fcbc6-bada-4801-aeec-a5092c59dffe,scheduled,False,1618080300,1618090200,MSOC: Marshall vs UAB,Conference USA,c-usa,Men's Soccer,uab_2
396b0901-1319-4252-8ef1-2710e4971086,scheduled,False,1617923400,1617934200,vs. Ramapo ,Kean University,kean,Field Hockey,kean_2
8fb75d40-f51a-4391-a840-17e830cb6023,scheduled,False,1617999300,1618014600,vs. Coe College,Loras College,lora,Baseball,loras_2
7a2d4e96-aa21-4827-a9ec-46b553a3f3da,scheduled,False,1618010100,1618021800,vs. Sam Houston,University of New Orleans,newo,Baseball,uno_tricaster_3
cb6f294a-bfdc-4a99-b323-e1163ebf6955,scheduled,False,1618069800,1618098600,Stony Brook vs. UMass Lowell (DH),America East Conference,aeast,Baseball,lowell_1
d8b7db9c-821b-455a-99f9-bdc938336f2b,scheduled,True,1618076760,1618095600,vs LSU presented by Kentucky Legend,University of Kentucky,kty,Baseball,
8cf584d4-5fa7-4b50-989f-61012abd8e10,scheduled,False,1618159500,1618171200,SB: UTEP vs UAB,Conference USA,c-usa,Softball,uab_2
92b8fc55-beda-40b6-b9d4-888e8f4e1668,scheduled,True,1618086600,1618110000,vs. Oregon,Oregon State University,orst,Baseball,
f0b9c701-f1aa-4db9-ab4b-6fb9d72017d0,scheduled,True,1618163100,1618185600,vs. Marshall ,Western Kentucky University,wky,Baseball,
5aef29ae-bfe1-4093-8875-93f0ea203903,scheduled,True,1618030500,1618048800,vs. Texas A&M,"University of Alabama, Tuscaloosa",alab,Baseball,
36c22112-68ee-47e9-87d0-02402aeb7368,scheduled,False,1617824700,1617836400,vs. Tennessee Tech,"University of Tennessee, Knoxville",tenn,Softball,tennessee_sb1
654be0d2-7d89-48d2-9d68-dc08b12c82b7,scheduled,False,1617997500,1618009200,vs. Clarkson University,Hobart College,hoba,Women's Lacrosse,hws_1
1de1bafa-4d31-406a-bb9b-0cd28c54748a,scheduled,False,1617823500,1617849000,vs. Mount Saint Mary College (NY),Manhattanville College,manv,Baseball,mv_1
b45c9a18-2964-4b3a-be4d-6e8e6f349fb6,scheduled,False,1617823800,1617836400,vs. Ramapo,William Paterson University,wpat,Women's Soccer,wpunj_1
b0036d4e-18cd-4aed-a04a-addcfb16fbf8,scheduled,False,1618080900,1618095600,NDSU vs Western Illinois,North Dakota State University,ndsu,Baseball,gobison_3
19f494f2-ec66-410b-a4c1-7c9bdf7a9c63,scheduled,False,1617835800,1617857400,Azusa Pacific Softball vs. Chapman (Game One),Azusa Pacific University,azus,Softball,APUSoftball_1
de65fe13-3a39-415a-913f-ba98022133fd,scheduled,True,1618007400,1618032600,vs. Arkansas,University of Mississippi,ole,Baseball,
a65ba4e3-61bc-49c7-8dfc-e524ccd9716d,scheduled,False,1618073400,1618092000,vs. North Carolina A&T,North Carolina Central University,nccu,Baseball,nccu_audio1
06a1e4e1-518c-4b97-ae04-2d79a475d28f,scheduled,False,1618070400,1618099200,Penn State at Michigan State,Pennsylvania State University,psu,Baseball,psu_audio2
d0cd1899-aec3-4b17-af8d-f87e323af0d1,scheduled,False,1617972600,1617991200,vs. Yeshiva University,State University College at Old Westbury,olwe,Baseball,westbury_1
ad0e46eb-ff36-4b26-9d8d-b1097af85ff2,scheduled,False,1617831000,1617850200,Washington & Jefferson at Chatham,Presidents Athletic Conference,pac,Women's Volleyball,chatham_1
1618e667-df75-4d25-8241-3d23e70c4ef8,scheduled,True,1618163100,1618178400,at Troy (Audio Only),University of Louisiana at Lafayette,ulaf,Softball,
605ffa6f-11bf-4676-99ab-c31e1b87b0a3,scheduled,False,1617835200,1617850800,vs. York College of Pennsylvania,Messiah College,mess,Men's Lacrosse,messiah_2
a3fc1e71-00a6-43c3-8b57-c94932e9fc62,scheduled,True,1618163400,1618174800,vs. Arkansas (Audio Only),"University of Alabama, Tuscaloosa",alab,Softball,
6bb136df-4de4-4f33-a69e-5230cc4ae906,scheduled,False,1618072200,1618099200,vs. RIT,University of Rochester,roch,Baseball,rochester_1
282570a4-6727-4ff7-b1a2-5ccdb8964bf1,scheduled,False,1617814800,1617825600,Men's Soccer vs. St. John's,VILLANOVA UNIVERSITY,nova,Men's Soccer,villanova_3
f6d2a704-36f9-48dc-b963-2c51aae47740,scheduled,False,1617817500,1617843600,vs. Bowie State,Millersville University,mvil,Softball,millersville_2
26dcddd6-33d1-453d-a3a1-66b396a60687,scheduled,False,1618008900,1618024500,BSB: UAB vs. USM ,Conference USA,c-usa,Baseball,somiss_1
76af8762-9c55-4516-9b41-8c862e9fa2a3,scheduled,False,1618086600,1618110000,NDSU at Northern Iowa,North Dakota State University,ndsu,Football,gobison_audio2
9bf7fcde-ac1c-4a94-980d-4a5dc2c02684,scheduled,False,1618001100,1618014600,BSB: ODU vs FAU,Conference USA,c-usa,Baseball,fau_1
bae7c9f6-4f1f-42bb-b88f-def694bbca7e,scheduled,False,1617748800,1617768000,vs. Samford,Troy University,troy,Baseball,troy_wtbf_1
b38068db-4b42-492e-a29e-46a2252db323,scheduled,True,1618008300,1618030800,vs. Missouri,"University of South Carolina, Columbia",scar,Baseball,
62b5e8c0-cae3-4c07-a712-6c80d12b3c23,scheduled,False,1618071900,1618088400,Football @ William & Mary,University of Richmond,rich,Football,richmond_audioimg
e093c2e4-6275-488e-a3d6-5da95e364294,scheduled,False,1617906600,1617921000,Women's Soccer vs. St. John's,Providence College,prov,Women's Soccer,providence_1
4657de12-f644-4137-a579-06919cacc3e6,scheduled,True,1618083900,1618106400,vs. West Virginia,Baylor University,bay,Baseball,
2daa8aed-d47d-4e03-a3e0-81b1d88c54bb,scheduled,False,1618158600,1618167600,Lafayette at Bucknell,Patriot League,patr,Field Hockey,bucknell_1
11ad4689-32cf-4814-b956-9d880765620d,conflict,False,1617829200,1617838200,vs. Concordia University (Mich.),Madonna University,mdna,Softball,madonna_softball
a8bb628a-1e55-46b1-8c95-8894bfccb3fa,scheduled,False,1617997800,1618009200,vs. Ashland,Davenport University,dave,Baseball,davenport_1
117f737c-836d-4262-b7ea-6c8d3a0c704f,scheduled,False,1618158600,1618182000,vs. RIT,University of Rochester,roch,Softball,rochester_palestra
b8c82e10-7467-41f1-9a8a-8320ed0569da,scheduled,False,1618076700,1618088400,BSB: ODU vs FAU,Conference USA,c-usa,Baseball,fau_1
5924239f-8089-49a6-ba5d-9f5ec6730678,scheduled,False,1617835500,1617847200,UTA Softball vs. Texas,University of Texas at Arlington,txar,Softball,utarlington_2
83b9222d-e473-4c7e-a17e-447cff7358f5,scheduled,True,1618079400,1618095600,Baseball vs. Maryland,Nebraska,neb,Baseball,
f75c0d95-3eca-4c81-a6c6-af34e837189a,scheduled,False,1618072200,1618113540,GGC Baseball vs Webber International (Fla.),Georgia Gwinnet College,ggc,Baseball,Gwinnett_1
25742fbb-c206-4f66-9941-9618ba26fb08,scheduled,True,1617922800,1617926400,Baylor Coach's Show,Baylor University,bay,General,
e0a63acb-5acf-4e77-863f-bdf5ded2e39c,scheduled,False,1618098000,1618110000,vs. Oral Roberts University,University of Missouri-Kansas City,umkc,Men's Soccer,roos_4
9b509de3-e904-4844-b65a-ec78e2115851,scheduled,False,1618008300,1618023600,SU Men's Soccer,Syracuse University,syr,Men's Soccer,syr_2
3f03130f-a8f6-4b23-af1b-4c99eb65030f,scheduled,False,1618067700,1618092060,at The Citadel,Furman University,furm,Football,furman_audio1
f3b285b8-1d6b-45c6-a5a1-187ade1f68be,scheduled,True,1618009200,1618032600,vs. TCU,Texas Tech University,text,Baseball,
eebd8896-123b-419b-950c-64e43c8fc520,scheduled,True,1617989400,1618005600,WSU Baseball vs Houston,Wichita State,wich,Baseball,
1a8a4d81-c890-475e-aa00-92bdce0959ba,scheduled,False,1617805800,1617808500,Baseball Press Conference,Nebraska,neb,Baseball,ATH_Video
39a2c63e-dca9-4430-8ae8-dc5b548d30f0,scheduled,True,1618158600,1618174800,Baseball vs. Maryland,Nebraska,neb,Baseball,
3ea0d7de-8c5d-4ae6-bd25-a2f12b6447db,scheduled,True,1617921600,1617939000,BSB Game Audio vs. Vanderbilt,University of Georgia,geo,Baseball,
b1040a47-4f25-48ca-83fa-f8ee10ba8c7e,scheduled,True,1618007400,1618016400,Softball vs. Illinois,Nebraska,neb,Softball,
fa66d682-50a1-4906-9825-200d848ee9d1,scheduled,True,1618090200,1618110000,vs. Arkansas State,University of Louisiana at Lafayette,ulaf,Baseball,
dba1a2b2-bd69-42b0-b266-d90532be3358,scheduled,False,1618081200,1618092000,Hartford vs Binghamton,America East Conference,aeast,Women's Lacrosse,binghamton_2
5128e769-75f7-43d0-be91-59b017a82fca,scheduled,True,1618155900,1618178400,vs. Missouri,"University of South Carolina, Columbia",scar,Baseball,
14b26861-59cf-46fe-89a0-66d733f3bfb0,scheduled,True,1617750000,1617771540,vs. Alcorn State,University of Mississippi,ole,Baseball,
d4952104-4418-4f27-a730-ff9642a43b17,scheduled,False,1617999900,1618016400,Softball vs. Edinboro (Game Two),Slippery Rock University,sroc,Softball,rock_2
b363f482-1c84-4179-ab00-7011ebca8ce2,scheduled,False,1618001100,1618016400,vs. Illinois,Indiana University,ind,Baseball,indiana_1
d03afe34-85a6-4d12-a14d-00948159a953,scheduled,False,1618084200,1618099200,ASC CHAMPIONSHIP GAME: TBD,University of Texas-Dallas,utd,Women's Soccer,utdallas_1
ab806774-3ce2-4414-b2f4-bb655d348436,scheduled,False,1618163100,1618174800,Softball vs. Augustana (Game One),Illinois Wesleyan University,illw,Softball,IWUTitans_1
65d457e5-4c16-4463-a1ca-4f622d8e4b15,scheduled,False,1618080300,1618102800,vs. Sam Houston (Doubleheader),University of New Orleans,newo,Baseball,uno_audio3
22633c57-4960-47e0-875d-3a0594e3120d,scheduled,False,1617817200,1617829200,vs. UVA Wise,Newberry College,nwbr,Women's Lacrosse,newberry_4
c10abb59-4dcd-4ced-97d5-1d54015471cc,scheduled,False,1618156800,1618185600,Purdue vs Penn State,Pennsylvania State University,psu,Baseball,psu_audio2
753ff77e-e9a5-4085-b6cd-ddc9e71bca18,scheduled,False,1618088400,1618110000,Live Soccer vs Baylor (PREMIUM),Oklahoma,okla,Women's Soccer,oklahoma_socc
bbdee379-b8c0-4dd5-963a-a8b618b00181,scheduled,False,1618084800,1618099200,vs. Evansville (DH-2) (Audio Only),Southern Illinois University at Carbondale,silu,Softball,salukis_audio4
c774a90a-9110-4b86-89fd-1b38721d2cf6,scheduled,False,1617993000,1618005600,Women's Lacrosse vs. Marquette,Georgetown University,gu,Women's Lacrosse,georgetown_1
2f1dd275-cbe2-4d16-b26a-15839341266c,scheduled,False,1618080300,1617045804,Women's Lacrosse vs. Tennessee Wesleyan University,University of the Cumberlands,cumberlands,Women's Lacrosse,cumberlands_4
6449723b-6eba-42e6-9079-475ecde78f58,conflict,False,1618026300,1618041600,vs. Purdue,Indiana University,ind,Softball,indiana_3
7fc44441-90ed-4912-8df0-6a44078ce0cf,scheduled,False,1618070100,1618076700,SB: UTSA vs. USM ,Conference USA,c-usa,Softball,somiss_1
929e8dd9-aa76-4c7e-94b5-4f323befcb85,scheduled,False,1618155600,1618174800,vs. Texas State,Troy University,troy,Baseball,troy_wtbf_1
c5350779-66ee-4040-8648-ff10997b0cf7,conflict,False,1618004700,1618020000,vs. Gannon University,Davenport University,dave,Football,davenport_1
812f438c-c2cf-4dfb-a6c3-ba5ef68b5564,scheduled,False,1618068600,1618083000,Men's Soccer vs. Seton Hall,Providence College,prov,Men's Soccer,providence_1
f8f2d1fa-ecc9-4333-80fa-ade0ceadb51c,scheduled,False,1618012800,1618023600,WSOC: UTSA vs North Texas,Conference USA,c-usa,Women's Soccer,ntexas_3
1f50997f-611b-4bda-80e3-8d9d5994515b,scheduled,False,1617998400,1618012800,vs. Dixie State ,Grand Canyon University,gcan,Softball,GCU_4
c82757da-80ee-471a-9dae-706ce08d4d09,scheduled,False,1617834600,1618106400,Loyola Maryland at Navy,Patriot League,patr,Men's Soccer,usna_1
0ca6c5a9-7df7-4b75-9e1b-3c3e6a36c3d5,scheduled,True,1618162200,1618182000,vs. Arkansas State,University of Louisiana at Lafayette,ulaf,Baseball,
fd8d9aaf-2090-4bc0-b52e-76391bb8faa6,scheduled,False,1618155900,1618167600,vs. Hamline University,Loras College,lora,Women's Lacrosse,loras_1
378f616f-8653-4b17-9919-9fa7a436aa32,scheduled,False,1618008900,1618030800,vs. United States Merchant Marine Academy,Manhattanville College,manv,Men's Lacrosse,mv_1
eef7b0d3-e55b-4c9c-a2f2-7ddac915370d,scheduled,False,1617841800,1617853500,SB vs Mount Mary G2,Dominican University (Illinois),domi,Softball,dustars_2
690cb33b-4eb4-4352-9c59-8eb053c3773a,scheduled,False,1618076700,1618088400,vs. University of Dubuque,Loras College,lora,Football,loras_1
d6748c15-60c5-4fae-b579-cfc1d4dfcc71,scheduled,False,1617760200,1617775200,Azusa Pacific Softball vs. Concordia (Game Two),Azusa Pacific University,azus,Softball,APUSoftball_2
e6bf4e96-0da3-4a77-8680-deaeba65f4ff,scheduled,False,1618169400,1618182000,vs. Washington University in St. Louis,Millikin University,milk,Softball,millikin_2
ca101b13-f1e5-486e-96a6-e83de2cfe7ee,scheduled,False,1617996600,1618016400,vs. Misericordia University,King's College (Pennsylvania),kipa,Women's Volleyball,kings_3
55d9f58d-3d78-4e22-814a-ec84f26f0391,scheduled,True,1618010700,1618029000,vs. Texas A&M,"University of Alabama, Tuscaloosa",alab,Baseball,
c82b2a57-bbc3-41c2-863c-08dfd0053508,scheduled,False,1618162200,1618178400,vs. Lewis & Clark Community College,Heartland Community College,heartlandcc,Baseball,HCC_1
9e6640b1-297c-40ca-9bb5-bc6fd2aa2b43,scheduled,False,1618004700,1618014600,UTD SBALL vs BELHAVEN (DH Game 1),University of Texas-Dallas,utd,Softball,utdallas_1
1148784d-eeaf-40c5-89dc-2ef0efd2d7a9,scheduled,False,1618080900,1618093800,BB vs.Rhodes,Centre College,cenr,Baseball,colonels_3
74e97bbb-da55-42ab-b4c4-48e49d7b32f4,scheduled,False,1618010100,1618028100,Baseball vs. Lamar,Northwestern State University,nwst,Baseball,nsula_video3
c38da103-9af6-47b5-948b-508fac641257,scheduled,True,1618160400,1618167600,vs. UTSA,University of Southern Mississippi,smis,Softball,
5c53cb26-0211-429b-a6b3-3181ca08ccde,conflict,False,1618008300,1618013700,WSOC: FAU vs FIU,Conference USA,c-usa,Women's Soccer,fau_2
e449d0b0-2231-494d-b5a2-e12953bf0362,scheduled,False,1618005000,1618023600,Azusa Pacific Baseball vs. Biola (Game Two),Azusa Pacific University,azus,Baseball,APUBaseball_2
2e7be2ae-9302-451b-b1a8-caca139e7fee,scheduled,False,1618072200,1618083000,vs. Parkland College,Heartland Community College,heartlandcc,Men's Soccer,HCC_2
e57fd9e6-24b4-409c-8fd4-915d2d0289c0,scheduled,False,1618155900,1618261200,DH vs. Stevens Tech,Fairleigh Dickinson-College at Florham,fduf,Softball,fdudevils_1
b7f5bdfc-4e21-45e7-a4b8-90222a3f15be,scheduled,False,1618067700,1618110000,Track and Field Meet,University of Wisconsin-River Falls,wirf,Track and Field,riverfalls_2
3dbec171-82ec-491c-a73c-338b767eb841,conflict,False,1618164000,1618171200,Lafayette at Colgate (Game 2 of 2),Patriot League,patr,Softball,colgate_1
666617a4-5c6a-4165-86fa-fa9c44f6c318,scheduled,False,1617835800,1617846600,vs. Saint Xavier University (Ill.),Robert Morris Streaming,robertmorris,Men's Soccer,rmuillinois_audio1
de5efa74-ba21-46fe-8f45-0d60cd88a283,scheduled,False,1617989100,1618011000,vs. Mid-South Conference Quarterfinal ,Campbellsville University,camp,Men's Soccer,cutigers_1
d20938f7-5329-4df6-81f1-1defa530071a,scheduled,False,1617839700,1617849000,vs. USF (Game 2),University of Florida,fla,Softball,gators_audio1
93b652de-1e30-4572-add7-c1668f60a0ae,scheduled,False,1618158300,1618185600,vs. Kentucky,LSU,lsu,Baseball,lsu_1
2d7b4a88-293e-4875-866c-49deba11ce1c,conflict,False,1618162200,1618173000,Bucknell at Lehigh,Patriot League,patr,Baseball,lehigh_1
e3fa3698-2c28-4010-8afb-e34cac4120b3,scheduled,False,1617818400,1617838200,Boston College at Holy Cross,Patriot League,patr,Track and Field,hc_1
5d56a7d4-e82b-40e7-ae6b-71b995ccfbe2,scheduled,False,1618105800,1618120800,Azusa Pacific Acrobatics & Tumbling vs. Arizona Christian,Azusa Pacific University,azus,Acrobatics & Tumbling,APUAcrobatics_1
6aa233dc-2d23-4fae-9211-87e38b9e0421,scheduled,True,1618094700,1618110000,vs. Florida,"University of Tennessee, Knoxville",tenn,Baseball,
123505d3-ad73-4828-a7d0-6b1f839e933e,scheduled,False,1618156200,1618181400,Stony Brook vs. UMass Lowell (DH),America East Conference,aeast,Baseball,lowell_1
d17ff1b4-3e25-4101-8642-ba2c2b947834,scheduled,False,1617978600,1618027140,Women's Soccer: A.I.I. Semifinal #1,Georgia Gwinnet College,ggc,Women's Soccer,Gwinnett_1
f72aac92-727a-4044-836d-8f0aaf8ecbb1,scheduled,False,1618152900,1618159500,SB: UTSA vs. USM ,Conference USA,c-usa,Softball,somiss_1
636f300c-dbf9-41c1-9a53-f3bfc655a215,scheduled,False,1618076700,1618113600,Baseball vs. Ozarks (DH),LeTourneau University,leto,Baseball,letu_1
aa70369e-fda5-4da7-8863-ddff5be859d4,scheduled,True,1618076700,1618099200,vs. North Carolina,Duke University,duke,Baseball,
05bd63eb-06e4-4116-930a-721b0659a811,scheduled,False,1617810300,1617832800,Softball vs Manhattan,Quinnipiac University,quic,Softball,quinnipiac_3
2e2d7e50-121c-4bde-b3b5-21926e3f858f,scheduled,False,1618070400,1618083000,SU Women's Lacrosse,Syracuse University,syr,Women's Lacrosse,syr_2
87194141-59d0-4b53-b8ef-fcfdf740f1bd,scheduled,False,1618072200,1618084800,Boston University at Colgate,Patriot League,patr,Men's Lacrosse,colgate_1
ea0e55a2-1fa4-4a94-9871-c27f2f6ba23e,scheduled,False,1618069500,1618110000,Softball vs. DePaul Game 1,VILLANOVA UNIVERSITY,nova,Softball,villanova_2
15c6270a-4a6e-4098-bf0a-8701dfafb83d,scheduled,False,1618069800,1614962052,Savannah State Baseball vs. Salem University,Savannah State University,savs,Baseball,savstate_tricaster_1
2f0b22b4-2e8e-43e3-8dd8-04cc56cd88ba,scheduled,False,1618072200,1618081200,vs. Lenoir-Rhyne University,Newberry College,nwbr,Softball,newberry_3
e7eb5d2d-ad71-4590-8e38-5bc10a01913f,scheduled,False,1617827400,1617840000,Drexel at Navy,Patriot League,patr,Women's Lacrosse,usna_1
4fdb67bf-726e-4b2a-9488-b8cd90061c2b,scheduled,False,1617820200,1617847200,vs. Alfred State College,University of Rochester,roch,Baseball,rochester_1
0c7b8a6e-5247-4c62-a5aa-f6217b55f0e6,scheduled,False,1618004700,1618023600,vs. Lamar,McNeese State University,mcne,Women's Soccer,mcneese_2
24a9c9ed-5e4a-480b-a4dc-b615edc8131a,scheduled,True,1618080300,1618102800,vs. Boston College,North Carolina State University,ncst,Baseball,
5de2549b-79e5-4774-a6ee-4ed1cca301db,scheduled,False,1617929400,1617940800,ASC SEMIFINALS: UT DALLAS vs MARY HARDIN-BAYLOR,University of Texas-Dallas,utd,Women's Soccer,utdallas_2
0162d8ff-3007-4d91-82fb-ec7bed3e4164,scheduled,False,1618153200,1618164000,Hartford vs. Maine,America East Conference,aeast,Softball,maine_1
bad4ea21-d71d-484e-af72-5fabdabbd122,scheduled,False,1617828600,1617837900,vs. USF (Game 1),University of Florida,fla,Softball,gators_audio1
60b87e8b-998b-4d2c-9361-9a99a9479ff9,scheduled,False,1617924000,1617933600,Men's Soccer vs. Concordia,Bethel University,bthl,Men's Soccer,bethel_1
ee5b6ae0-9ba4-4318-bf27-8b61a2abefd9,scheduled,False,1617839100,1617854400,Baseball vs. Washington State,Utah Valley University,utva,Baseball,utahvalley_audio1
90e6002b-05d7-49b1-931e-5036602a867e,scheduled,False,1618001100,1618027140,Men's Soccer: A.I.I. Semifinal #1,Georgia Gwinnet College,ggc,Men's Soccer,Gwinnett_3
ec78ccc4-bd49-40c6-acf1-9cf2fdc154c5,scheduled,False,1618164000,1618182000,NDSU vs Western Illinois,North Dakota State University,ndsu,Baseball,gobison_audio3
4b4bd0a2-da62-462b-8175-59f03ed5e778,scheduled,False,1618076700,1618084800,Men's Lacrosse vs. Carthage,Illinois Wesleyan University,illw,Men's Lacrosse,IWUTitans_1
2c041172-6a3c-4192-ae48-bb9d74b7cf61,scheduled,False,1617987600,1615390526,SU Women's Field Hockey,Syracuse University,syr,Field Hockey,syr_2
276213a0-b268-40ca-b2a5-688c3ac3a456,scheduled,False,1617908400,1617922800,vs. Ramapo,William Paterson University,wpat,Baseball,wpunj_1
cb519725-7426-4689-9a99-e44a599e270e,scheduled,False,1618070400,1618079400,Field Hockey vs Miami(OH),Central Michigan University,cmu,Field Hockey,centralmich_1
4dcf6a02-ee3a-444b-a830-4159aceb9597,scheduled,False,1617996600,1618005660,Navy at American,Patriot League,patr,Women's Soccer,american_1
5aa81ed8-cd05-4d33-a00a-012dd0466dcb,scheduled,False,1617837300,1617850800,vs. La. Tech,McNeese State University,mcne,Softball,mcneese_3
adfade58-d5c5-404e-b259-47c8bb88d32d,scheduled,False,1617835500,1617069420,vs. Lawrence Tech (Mich.),Aquinas College,aqui,Women's Lacrosse,aquinas_2
73919d7c-14c9-4c9e-b27e-302715d9e15a,scheduled,False,1618007400,1618016400,Loyola Maryland at Bucknell ,Patriot League,patr,Women's Soccer,bucknell_1
e8e8f0b6-31e2-4aff-b210-40b824db0fd8,scheduled,False,1618083900,1618095600,Softball vs. Thomas More University GAME TWO,University of the Cumberlands,cumberlands,Softball,cumberlands_3
5209c10d-a96e-4462-b8c5-73ebb5be5439,scheduled,False,1618098600,1618115400,Baseball at Cal State Fullerton,California Baptist University,calb,Baseball,calbaptist_audio1
68c3471f-c3b4-4404-8bff-2fe86e8aec91,scheduled,False,1618077000,1618095600, Baseball vs Indiana,"University of Illinois, Champaign",ill,Baseball,illinois_wdwsaudio
13e61cd3-7cac-48c0-87ec-345b6013a665,scheduled,False,1617824700,1617836400,MLAX Vs. Cairn,Rosemont College,rsmt,Men's Lacrosse,rosemont_1
af13a17a-af4f-4733-8844-6e4c2aac2daa,scheduled,False,1618083000,1618095600,Army West Point at Boston University,Patriot League,patr,Men's Soccer,boston_1
5756fa2e-39b0-4cd7-bbae-c20c6809916c,scheduled,False,1618073100,1618099200,SB vs Omaha (Video),South Dakota State University,sdst,Softball,sdstate_3
c515255b-fdca-4226-94bb-e3aaa936cd31,scheduled,False,1618160100,1618167600,Women's Soccer vs DePaul,Xavier University,xavi,Women's Soccer,xavier_2
f03d7626-088f-4c2e-81ef-b128794a370c,scheduled,True,1618007100,1618029000,vs. Tennessee,University of Florida,fla,Baseball,
3c27e902-80fc-4874-bfe7-74ea4bd5441b,scheduled,False,1618010400,1618021800,vs. Montevallo,University of West Florida,wefl,Softball,uwf_2
3651efaf-315e-49d9-8e01-a75d7ca3a75a,scheduled,False,1618080900,1618092000,NDSU vs South Dakota ,North Dakota State University,ndsu,Softball,gobison_1
5cdac1bd-d868-4932-aa9a-04bc45964be6,scheduled,True,1618159500,1618182000,vs. Boston College,North Carolina State University,ncst,Baseball,
368341e0-651e-4c36-9dfe-f426a69e3c6b,scheduled,False,1617910800,1617924600,Saint Vincent at Franciscan,Presidents Athletic Conference,pac,Women's Lacrosse,Franciscan_1
dcbe12a3-36b9-4461-99d6-77cbf6e3a7ae,scheduled,False,1617926100,1617937200,vs. UW-Superior,The College of St. Scholastica,stsc,Women's Volleyball,stscholastica_1
621106e7-9c6c-4187-96cd-cdfc9d3c5aa6,scheduled,False,1618069500,1618084800,Field Hockey vs. Temple,VILLANOVA UNIVERSITY,nova,Field Hockey,villanova_1
1473e9b1-1f05-4161-9351-ac0802727fb0,scheduled,False,1617998400,1618009200,WSOC vs. South Dakota State,Western Illinois University,wil,Women's Soccer,wiu_1
2e9c80d5-a83b-4d9c-992b-d76fc28b67f1,conflict,False,1617926400,1617937200,WSOC: UTEP vs Rice,Conference USA,c-usa,Women's Soccer,rice_1
2d84ff51-0154-4626-884f-3ba26f4db9e5,scheduled,False,1618083000,1618092000,vs. Lincoln Memorial University,Newberry College,nwbr,Baseball,newberry_2
f3ddda3e-c12c-41ff-9712-6b8c6f707a4a,scheduled,False,1618169400,1618178400,vs. Lincoln Memorial University,Newberry College,nwbr,Baseball,newberry_2
40f0bcb2-ccbc-4216-af85-4ba067827859,scheduled,False,1617837300,1617847200,Women's Lacrosse vs. Georgetown College,University of the Cumberlands,cumberlands,Women's Lacrosse,cumberlands_3
2fc868ec-cd6c-44f6-ad66-93c66f0c440b,scheduled,False,1618156500,1618165800,FH vs. Concordia,Centre College,cenr,Field Hockey,colonels_1
8395a69f-0d16-4cff-bebe-4d6f2e6a215a,scheduled,False,1618156500,1618168500,BB vs. Rhodes,Centre College,cenr,Baseball,colonels_2
ff1072e9-20de-4b4d-bbfa-502d923a0277,scheduled,False,1617904200,1617915600,vs. Monmouth University,Niagara University,niag,Men's Soccer,niagara_1
03e56418-3626-48e6-a55a-b82309afcdf0,scheduled,False,1617990600,1618012800,Chatham at Geneva (DH),Presidents Athletic Conference,pac,Baseball,geneva_2
03054b57-0c65-49c5-9b18-1914ef9619c0,scheduled,False,1618167600,1618182000,UAlbany vs Binghamton (game 2),America East Conference,aeast,Baseball,binghamton_4
38176f96-fa33-46ce-8723-f85082b67d7e,scheduled,False,1618170300,1618182000,Softball vs. Augustana (Game Two),Illinois Wesleyan University,illw,Softball,IWUTitans_2
ca23df47-0815-482f-bcaf-6a37ee8c3c51,scheduled,False,1618070400,1618084800,Women's Lacrosse: Brockport vs Fredonia,State University College at Brockport,nybr,Women's Lacrosse,brockport_1
e20cab76-eab6-4b67-89c0-039a29e42f78,scheduled,False,1618073100,1618081200,MLAX vs. Kean,Rosemont College,rsmt,Men's Lacrosse,rosemont_1
445dfce6-942a-4acf-a755-5ccceb05d076,conflict,False,1617829800,1617841800,vs. Aquinas College (Mich.),Cornerstone University,cose,Softball,cornerstone_2
17925897-2add-45cf-b02e-a65f1f193f70,scheduled,False,1618160100,1618168500,SB: UTSA vs. USM ,Conference USA,c-usa,Softball,somiss_2
b3980f5e-064f-48fb-9a95-19fb77e297ca,scheduled,True,1617836400,1617847200,Sports Nightly Audio,Nebraska,neb,General,
8200c7d8-dc85-40b0-8252-a7a1576fe0da,scheduled,False,1617836400,1617840000,Coach Saban Press Conference,"University of Alabama, Tuscaloosa",alab,Football,rolltide_1
4cf0d3c5-8c2a-479e-b6f5-85324cd8bd30,scheduled,False,1618159800,1618178400, Baseball vs Indiana,"University of Illinois, Champaign",ill,Baseball,illinois_wdwsaudio
e9b63792-883a-4907-b734-6086cf1aa3c1,scheduled,False,1618164000,1618173000,Softball vs. Ashland (Game Two),Wayne State University,wyst,Softball,waynestate_4
748da797-75fe-4f3a-84ee-9aebaf6fbf33,scheduled,False,1618077300,1618085700,SB: UTSA vs. USM ,Conference USA,c-usa,Softball,somiss_2
e331cd2f-f11e-49b9-989c-8709a5e1d747,scheduled,False,1618158600,1618182000,TCU vs. Texas Tech,Texas Christian University,tcu,Baseball,tcu_audio1
b56db614-8ec3-4a27-ba73-207e21739dc4,scheduled,False,1618159500,1618171200,SB: CLT vs FAU,Conference USA,c-usa,Softball,fau_2
38b6def0-0ef4-47e4-be9c-a898cee9ed6d,scheduled,True,1617745500,1617768000,vs. NC Central,Duke University,duke,Baseball,
335d1b1f-66b1-44bb-9cfd-a2f51792e6cb,scheduled,True,1618158600,1618174800,vs. Baylor,West Virginia University,wvir,Baseball,
863e597b-c6d3-4f54-9d4b-bec54aafe8d3,scheduled,False,1618073100,1618088400,vs. Wilkes University,Fairleigh Dickinson-College at Florham,fduf,Men's Lacrosse,fdudevils_1
835ce6c1-e2a7-4a66-ad4d-ba4e0aeb8ea1,scheduled,False,1618068600,1618095600,Army West Point at Holy Cross (DH),Patriot League,patr,Baseball,hc_1
fd37bf9a-0f77-428d-9045-a7b72a821c23,scheduled,False,1617992700,1618009200,Softball vs. Edinboro (Game One),Slippery Rock University,sroc,Softball,rock_1
fc4d1316-ea5a-45db-ba30-3b0d6ed55f4e,scheduled,False,1618156800,1618174800,South Alabama at Texas State ,University of South Alabama,sala,Softball,southalabama_3_audio
edbcb4a4-db0e-41cc-a034-f8bf02b8e28b,scheduled,False,1618155900,1618171200,Softball vs. DePaul,VILLANOVA UNIVERSITY,nova,Softball,villanova_3
7e7f52c0-9639-475f-8d4d-f4ca263aa9a5,scheduled,True,1618086600,1618110000,vs. Arkansas,University of Mississippi,ole,Baseball,
3a61cb0b-2633-4d46-91f7-a2e94d100596,scheduled,True,1618159500,1618182000,vs. West Virginia,Baylor University,bay,Baseball,
944543c1-ca11-46c2-a5d4-7757c5397d6f,scheduled,False,1618066800,1618079400,vs. Kean University,William Paterson University,wpat,Baseball,wpunj_1
93b5512f-c592-4b62-9d57-b44de22f3646,scheduled,False,1617962400,1617293138,GGC Men's Tennis vs Tennessee Wesleyan,Georgia Gwinnet College,ggc,Men's Tennis,Gwinnett_5
a1e44943-3ff0-48f1-90de-cf6d4ec42b50,scheduled,False,1617994200,1618012800,Azusa Pacific Baseball vs. Biola (Game One),Azusa Pacific University,azus,Baseball,APUBaseball_1
e07b0070-669f-4c3e-8893-bbd25e4f577a,scheduled,False,1618163700,1618174800,NDSU vs South Dakota ,North Dakota State University,ndsu,Softball,gobison_1
7af75368-17a4-4563-9801-655fcec55ad3,scheduled,False,1618158600,1618174800,Holy Cross at Boston University,Patriot League,patr,Field Hockey,boston_1
69c248fb-1628-453e-9798-04287aa4a0a2,scheduled,False,1618163700,1618178400,NDSU vs Western Illinois,North Dakota State University,ndsu,Baseball,gobison_3
cca0dfab-22c9-453d-9950-ee4c19b55735,scheduled,False,1618155000,1618178400,vs. Wilkes University,King's College (Pennsylvania),kipa,Baseball,kings_2
b5975c9b-76cd-4519-a840-031cf86f783d,scheduled,False,1618083000,1618113540,Men's Soccer: A.I.I. Championship,Georgia Gwinnet College,ggc,Men's Soccer,Gwinnett_2
c1175304-14ac-463a-b439-49657bfaf8c0,scheduled,False,1618076400,1618087200,Men's Lacrosse vs. Clarkson,Ithaca College,itha,Men's Lacrosse,ithaca_1
83b4ad22-8b0a-409e-a3d7-b3262f923023,scheduled,False,1617839340,1617849000,Cardinal Volleyball vs. Bethel,Saint Mary's University of Minnesota,stmm,Women's Volleyball,SMUmn_1
caab1c93-e5b3-4e88-8e3c-6f85c48d4374,scheduled,False,1617984000,1617993000,Field Hockey vs Miami(OH),Central Michigan University,cmu,Field Hockey,centralmich_1
fc12ab50-0bc9-4a82-bbfd-e262eefde6bc,scheduled,False,1617824700,1617843600,Baseball vs. Midway University,University of the Cumberlands,cumberlands,Baseball,cumberlands_1
21e13629-2ad2-4b32-bdb0-4527e46bb153,scheduled,False,1618074000,1618086600,Baseball vs Bowling Green,Central Michigan University,cmu,Baseball,centralmich_2
57192a8c-639b-44d3-927c-03fa32dde5da,scheduled,True,1618171200,1618189500,vs. Purdue,Michigan State University,msu,Baseball,
8a534420-cf78-4a8e-aa71-077a5d657112,scheduled,False,1618155000,1618178400,Lehigh at Holy Cross (DH),Patriot League,patr,Softball,hc_1
c2c8b7c1-211c-4307-8501-f86deb7c6a90,scheduled,False,1618069800,1614364401,Savannah State Baseball vs. Salem University,Savannah State University,savs,Baseball,savstate_tricaster_1
83a0b04c-0427-4270-abc8-442dbfc6ff01,scheduled,False,1618069500,1618088400,vs. Shepherd,Millersville University,mvil,Baseball,millersville_1
e8ad2dad-d7dc-45a1-b441-3a28b096d519,scheduled,False,1617824700,1617834600,Men's Soccer NJAC Tournament,Ramapo College of New Jersey,rama,Men's Soccer,ramapo_1
0c093447-0c9d-4046-bc1b-f1ef55d85de9,scheduled,False,1618095000,1618106400,Bethany at Geneva,Presidents Athletic Conference,pac,Women's Soccer,geneva_1
59dda493-288c-4e9c-8299-ae99b4fa2270,scheduled,False,1618169400,1618185600,vs. Lewis & Clark Community College,Heartland Community College,heartlandcc,Baseball,HCC_2
fec67dd7-6b76-4324-ab8d-044adb32a4ab,conflict,False,1618072200,1618081200,Colgate at Bucknell,Patriot League,patr,Women's Lacrosse,bucknell_1
f0cf0561-8d82-4b5c-a86f-9336c0625699,scheduled,False,1618009200,1618032600,TCU vs. Texas Tech,Texas Christian University,tcu,Baseball,tcu_audio1
27ac34d7-c392-4505-a80d-0e6f7a8f4dc4,conflict,False,1618079400,1618084800,Navy at Lafayette [Game 2],Patriot League,patr,Baseball,lafayette_1
deb4328d-8106-428f-ad0b-5efbbb20e5fa,scheduled,False,1617828000,1617840000,vs. Southeast Missouri State University,University of Missouri-Kansas City,umkc,Softball,roos_2
3f6d8401-fab0-43d1-b532-d93452d87ca6,scheduled,False,1618088400,1618099200,MSOC: Saint Joseph's vs. Fordham,Atlantic 10 Conference,atl10,Men's Soccer,saintjosephs_1
d58ee29d-ec6f-444a-b14a-fffb1216a51a,scheduled,False,1617749400,1617768000,Azusa Pacific Softball vs. Concordia (Game One),Azusa Pacific University,azus,Softball,APUSoftball_1
3b13c1b8-016e-4bc0-b269-60ccc6f4bb66,scheduled,True,1618155900,1618178400,vs. North Carolina,Duke University,duke,Baseball,
715f5b17-e295-4248-b620-fced49494439,scheduled,False,1618077000,1618088400,vs. Montevallo,University of West Florida,wefl,Softball,uwf_2
ff61cad8-c186-4c25-9088-65c0736f080b,scheduled,False,1617939900,1617955200,vs. Purdue,Indiana University,ind,Softball,indiana_3
c9990ce8-f974-47fb-a773-c4f63c4a8c5f,scheduled,False,1618005300,1618032600,vs. Kentucky,LSU,lsu,Baseball,lsu_1
a6ff57ab-946f-49ed-b83c-be8c31e61929,scheduled,False,1618077600,1616014814,vs. Yeshiva University,State University College at Old Westbury,olwe,Softball,westbury_3
9f701edd-058a-4573-a84c-84fb7b8188cb,scheduled,False,1618162800,1618182000,vs. Missouri,LSU,lsu,Softball,lsu_2
2e89764f-0080-4d4f-8a5e-39b972bde694,scheduled,True,1618163700,1618182000,vs. Texas A&M,"University of Alabama, Tuscaloosa",alab,Baseball,
fac9cbbc-06fd-4219-b833-7435bee26574,scheduled,False,1617997800,1618009200,NDSU vs Western Illinois,North Dakota State University,ndsu,Baseball,gobison_3
a7bf1179-d837-4bcd-be79-c1a6b663e127,scheduled,True,1618085700,1618104600,BSB: WKU vs Marshall,Conference USA,c-usa,Baseball,
21762b83-cad0-41c7-a5f0-f00e120d7be9,scheduled,False,1617983400,1618002000,vs. Yeshiva University,State University College at Old Westbury,olwe,Baseball,westbury_2
521fcee0-9a34-4a60-818d-1cfee91b8fab,scheduled,False,1617904800,1617912000,Women's Soccer v Georgetown,University of Connecticut,conn,Women's Soccer,uconn_1
237790e1-37f0-4f7d-8254-718f61230c78,scheduled,False,1617840900,1617851700,vs. University of Dubuque,Loras College,lora,Men's Soccer,loras_1
8b5c78ca-ca67-40d4-a0a0-c67692798977,scheduled,False,1618084200,1618102800,vs. North Carolina A&T,North Carolina Central University,nccu,Baseball,nccu_audio2
e04952a8-d4ff-4f58-9ffe-ec3a06a869c9,scheduled,False,1618014600,1618025460,UTD SBALL vs BELHAVEN (DH Game 2),University of Texas-Dallas,utd,Softball,utdallas_2
c800fb35-58d3-46b4-b103-908acfeadd22,scheduled,False,1618083900,1618095600,SB: CLT vs FAU,Conference USA,c-usa,Softball,fau_2
eebfb536-ffd6-4ce3-9c23-3da130a56a54,scheduled,False,1617820800,1617832800,vs. Southeast Missouri State University,University of Missouri-Kansas City,umkc,Softball,roos_1
13b9e1c2-5879-4320-a43a-9c4dc4efd020,scheduled,False,1618077600,1617662245,FB vs. South Dakota (Video),South Dakota State University,sdst,Football,sdstate_1
a8e9b871-c2e7-486e-ad9b-958effb10dd6,scheduled,True,1618010100,1618025400,Audio: Alabama,Texas A&M University,tam,Baseball,
e32ff972-0ef6-41c9-a000-0c0fddd7c2d0,scheduled,True,1618092000,1618113600,vs. UAB,University of Southern Mississippi,smis,Baseball,
f556f4bf-47e4-4029-a1ec-250eeb1cbb7a,conflict,False,1618085400,1618095600,Msoc vs Central,University of Dubuque,dubu,Men's Soccer,dubuque_2
41728cb4-d2bd-46e4-afc1-7020af342bd9,scheduled,False,1618072200,1618081200,vs. Lincoln Memorial University,Newberry College,nwbr,Baseball,newberry_1
1bced0a4-678f-4f04-8206-a6449c448449,scheduled,False,1617838200,1617850800,vs. BRYANT AND STRATTON COLLEGE,Heartland Community College,heartlandcc,Women's Soccer,HCC_1
2fa45b51-8099-4001-bc5b-921576d6ac91,scheduled,False,1618087500,1618102800,UTA Softball vs. Georgia State,University of Texas at Arlington,txar,Softball,utarlington_3
e21497cb-ab31-4418-990c-e23a7f8adb85,scheduled,False,1618162200,1618173000,Lafayette at Navy (Game 1),Patriot League,patr,Baseball,usna_1
cd21d05f-f53b-4f01-b4e9-6002a1a8c552,scheduled,False,1618083000,1618101000,vs. University of Dubuque,North Central College,noce,Men's Lacrosse,NCTV_2
289c0c9f-9184-4acd-85a6-73ef2c566bb9,scheduled,True,1618005000,1618027200,vs. Florida State,University of Louisville,lou,Baseball,
ae27f22a-42c5-465a-a9c5-d8156fa1e6a5,scheduled,False,1618155000,1618171200,Bucknell at Lehigh,Patriot League,patr,Football,lehigh_1
5bc04789-4517-4380-95a2-ae1a5918368c,conflict,False,1618083900,1618099200,vs. Coe College,Loras College,lora,Baseball,loras_2
a720fee2-e4e8-46a3-85cf-5dbdd0b92771,scheduled,False,1618004700,1618023600,Football vs. Thomas More University,University of the Cumberlands,cumberlands,Football,cumberlands_1
47af6e8e-ffc5-4b5a-9435-966ffe05ee3d,scheduled,True,1617824700,1617847200,vs. Southeastern Louisiana,Louisiana Tech University,latc,Baseball,
3be0856e-0215-4b9a-9585-f0adc63da458,scheduled,False,1617822600,1617840000,Saint Vincent at Franciscan,Presidents Athletic Conference,pac,Softball,Franciscan_1
49a60442-cb17-4615-802e-8bda0a8e7d4d,scheduled,False,1617749700,1617771600,vs. Maritime College,Manhattanville College,manv,Women's Lacrosse,mv_1
e5cae0c0-0e86-4397-a1d3-99049c32e053,scheduled,False,1617816300,1617827100,HPU-KYOX Coaches Show,Howard Payne University,howp,General,howardpayne_3
23cc8dd5-0033-49f0-ad08-0057027679eb,scheduled,False,1618101900,1618111800,WSOC vs. Air Force,Colorado College,colc,Women's Soccer,coloradocollege_stewart
ca1de42c-7919-4c2c-9c96-2659cc939d95,scheduled,False,1617994800,1618009200,Men's Lacrosse: Brockport vs Geneseo,State University College at Brockport,nybr,Men's Lacrosse,brockport_1
b27427b7-e82b-429f-9a8d-07217559cd4a,scheduled,True,1618079400,1618102800,vs. TCU,Texas Tech University,text,Baseball,
c1daee80-421a-42a1-abcd-32cc1e8c2f6f,scheduled,True,1618158600,1618182000,vs. TCU,Texas Tech University,text,Baseball,
b9ab1953-7893-458a-ae12-cdb5b947d79c,scheduled,False,1618077000,1618087800,Vermont vs. UMass Lowell,America East Conference,aeast,Women's Lacrosse,lowell_2
be5fec1f-13b3-4808-a7d9-8482916a765c,scheduled,False,1618000800,1618009200,WHAC Tournament Semifinal,Cornerstone University,cose,Women's Volleyball,cornerstone_1
96ee8c4c-ba80-4873-8fc1-90746e946298,scheduled,False,1617990900,1618021800,Centre Twilight,Centre College,cenr,Women's Track and Field,colonels_1
18a6d17a-7c07-4009-a4ed-4de6a20ae2bb,scheduled,False,1618076700,1618092000,vs. Coe College,Loras College,lora,Baseball,loras_2
76012279-ad86-41c8-bfcf-68b90a6bad24,scheduled,False,1617821100,1617831900,Men's Lacrosse vs. Siena,Quinnipiac University,quic,Men's Lacrosse,quinnipiac_1
30fd31ff-da88-45e6-a0cd-9db95cfcbf0a,scheduled,False,1617821100,1617831360,Women's Rugby vs. Sacred Heart,Quinnipiac University,quic,Women's Rugby,quinnipiac_2
ba5ab6af-4e53-47bb-b17d-1a2ff5e35daa,scheduled,False,1617856200,1617394308,vs. NCAA Frozen Four,University of North Dakota,ndak,Men's Ice Hockey,und_audio1
b36fd3dd-a29d-49cd-a6f4-2006e0182432,scheduled,False,1617846900,1617852600,vs. Highline Community College,Lower Columbia College,lcc,Women's Volleyball,devils_1
c54f74ac-67f8-47c1-8d67-6fde730b3b55,scheduled,False,1618091100,1618106400,Baseball vs. Campbellsville University,University of the Cumberlands,cumberlands,Baseball,cumberlands_5
ad0fd8f5-54af-4ad6-83e5-fab7e1164b28,scheduled,False,1617993900,1618005600,vs. South Dakota,University of North Dakota,ndak,Women's Soccer,und_1
0fbaf523-2fcd-4163-886b-e4d2394f480b,scheduled,False,1618070400,1618081200,vs. Indiana Wesleyan University,Madonna University,mdna,Football,madonna_tricaster
efeba19e-303e-4f22-988f-33a84615027f,scheduled,False,1617835200,1617847200,vs. Anderson University (SC),Newberry College,nwbr,Men's Lacrosse,newberry_5
142af9b1-4498-4296-bac3-40fa6e8ea089,scheduled,False,1617984000,1617994800,Baseball vs. Rogers State,Northeastern State University,nest,Baseball,NSU_audio3
160e2e79-1219-44ba-9682-c2b17f63c40a,scheduled,False,1618156200,1618167600,BSB AUDIO: Charlotte at FIU,Conference USA,c-usa,Baseball,charlotte_audio2
656b290e-42c6-4668-a141-adea3b6a82d1,conflict,False,1617926400,1617937200,WSOC: UTEP vs Rice,Conference USA,c-usa,Women's Soccer,rice_1
d3ff724c-4ee9-4b9f-ae25-a29512f1f0be,conflict,False,1618011900,1618023600,Lamar,McNeese State University,mcne,Women's Soccer,mcneese_2
ca67e49b-e8af-4356-8c55-31fee8346b1e,scheduled,False,1618010700,1618026000,NDSU vs Western Illinois,North Dakota State University,ndsu,Baseball,gobison_2
a3b47e4c-140e-4f46-9b25-9f6735b418e5,scheduled,False,1618072800,1618084800,vs. Concordia University (Mich.),Cornerstone University,cose,Baseball,cornerstone_2
618f080f-39b7-42cd-bbf3-cb4f541aa632,scheduled,False,1617838200,1617847200,Rockford vs. Dominican,Rockford University,rckf,Men's Soccer,RockfordU_1
51fd8205-3d08-4877-879a-a7aa6d61e6a5,scheduled,False,1618010400,1618028400,Demon Baseball vs. Lamar,Northwestern State University,nwst,Baseball,nsula_audio4
a82acec5-1c2c-4767-86cc-0bb5282cf9b8,scheduled,False,1618077000,1618084800,BSB AUDIO: Charlotte at FIU (Game 1),Conference USA,c-usa,Baseball,charlotte_audio2
0e47e88b-1507-4a3e-a9ee-a516b41aaf3f,scheduled,False,1618007400,1618018560,Lehigh at Lafayette,Patriot League,patr,Men's Soccer,lafayette_1
7fbfa76c-c370-4a8b-ab26-3c00ad0084c0,conflict,False,1618155900,1616616020,Baseball vs. Campbellsville University GAME ONE,University of the Cumberlands,cumberlands,Baseball,cumberlands_3
e4fe8eb7-b80b-4d36-bd73-340f37976b66,scheduled,False,1618069500,1618094700,Baseball vs. Siena - Doubleheader,Quinnipiac University,quic,Baseball,quinnipiac_1
ea65d339-32fb-4291-b9e7-b6c96e267c4e,scheduled,True,1618068540,1618084800,vs. Stony Brook,University of New Hampshire,nham,Football,
7f835df1-8645-4582-972b-c81d0c2ad8f8,scheduled,False,1617994800,1618005600,vs. Rock Valley College,Heartland Community College,heartlandcc,Softball,HCC_2
93204083-f9eb-4eda-ae88-49866c4bdb0b,scheduled,False,1618083900,1618095600,Softball vs. Wheaton,Illinois Wesleyan University,illw,Softball,IWUTitans_2
1e797d94-b923-4c97-a0c2-f676578a4575,conflict,False,1618091100,1618101900,SB: CLT vs FAU,Conference USA,c-usa,Softball,fau_2
55e6b2e7-673c-47d7-8db5-d21f7f303f90,conflict,False,1618083900,1612543892,"North Central University vs University of Minnesota, Morris",North Central University,ncun,Softball,ncu_1
c9f78c9a-2d12-4e6e-bee5-d44d0453b279,scheduled,False,1618160400,1618169400,Soccer vs Northern Illinois,Central Michigan University,cmu,Women's Soccer,centralmich_1
81ae15cd-c0b1-4be4-a9ea-89e7f5412aa0,scheduled,False,1618080300,1618088400,vs. Parkland College,Heartland Community College,heartlandcc,Women's Soccer,HCC_1
447ab632-6e29-44ef-9c1a-bf4136fb069d,conflict,False,1618080600,1618099200,vs. Maritime College,Manhattanville College,manv,Baseball,mv_2
e17d8f05-0f9d-44b9-830c-0986d524f18b,scheduled,False,1618077000,1618091400,MLAX v Villanova (10 APR 21) - Video,University of Denver,denv,Men's Lacrosse,denver_1
ef273983-6798-433e-8184-de532db5930d,scheduled,True,1618006500,1618021800,vs. Florida,"University of Tennessee, Knoxville",tenn,Baseball,
95743d16-a973-4258-b145-3d2f5143c6c4,scheduled,False,1618179600,1618184700,Open Door Worship (Vespers) 04.11.2021,Westminster College (PA),wmin,General,westminster_2
a9fc7378-9f35-4838-b33e-cbd24e8d0c1f,scheduled,True,1617746100,1617768000,vs. Stetson,University of Florida,fla,Baseball,
139bd08c-de16-42fb-9d54-01f12fddb84d,conflict,False,1618007400,1618012800,American at Navy,Patriot League,patr,Women's Soccer,usna_1
63490f2d-7346-4dfc-88ca-5d27f86d2cf4,scheduled,False,1618094700,1618095600,Women's Soccer: A.I.I. Championship,Georgia Gwinnet College,ggc,Women's Soccer,Gwinnett_3
77088e62-6947-46c4-b63d-6fd8fc446328,scheduled,True,1618159500,1618174800,vs. Florida,"University of Tennessee, Knoxville",tenn,Baseball,
671077d8-e351-4b3b-924f-c75a39d5764e,scheduled,False,1618073700,1617645192,Baseball vs. Seton Hill (Game One),Slippery Rock University,sroc,Baseball,rock_1
37ec1e10-b392-4e0e-87e8-c87ef6a12810,scheduled,False,1618072200,1618099200,Rockford vs. Aurora (DH),Rockford University,rckf,Baseball,RockfordU_1
27a11cf0-3ffb-4cc0-bb0b-2f52232d3128,scheduled,False,1618015800,1618032600,Baseball at Cal State Fullerton,California Baptist University,calb,Baseball,calbaptist_audio1
63c1b8c4-e90f-4a4f-8d45-943c1f12ae4f,scheduled,False,1617994200,1618005600,vs. University of Mary Hardin-Baylor,Howard Payne University,howp,Baseball,howardpayne_2
03b7eae5-eda8-465d-b284-e95f0df053ca,scheduled,True,1618159500,1618174800,vs. Wake Forest,Virginia Tech,vtec,Baseball,
45034f55-cc68-4265-8093-3c80eeb0ac10,scheduled,False,1618011900,1618023600,vs. Elmhurst University,Millikin University,milk,Men's Soccer,millikin_1
4ff7fda9-b3f0-45a0-8954-d0cd01047fb0,scheduled,False,1618163700,1618179300,BSB: UAB vs. USM ,Conference USA,c-usa,Baseball,somiss_1
38a20c26-1fbe-4cbf-b166-24e45940af71,scheduled,True,1618079400,1618097400,WSU Baseball vs Houston,Wichita State,wich,Baseball,
bd5deb43-32b3-44f8-954b-4ebc6b6083f1,scheduled,False,1618170600,1618187400,Baseball at Cal State Fullerton,California Baptist University,calb,Baseball,calbaptist_audio1
335eec23-f857-4748-9e72-a8051ce2ba48,scheduled,False,1618068600,1618077600,Lafayette at Colgate (Game 1 of 2),Patriot League,patr,Softball,colgate_1
d0b138f1-ace0-41bd-af60-668a967fc221,scheduled,False,1618002900,1618018200,vs. Memphis,East Carolina University,ecu,Baseball,ecu_2
326b45c3-0758-4142-8470-66bd9b4efaa8,scheduled,False,1618075800,1618110000,FB vs. Lincoln,East Central University,eace,Football,ecok_1
4f54cf82-1785-4770-ac02-a5865c0784cb,scheduled,False,1617997800,1618016400,vs. North Carolina A&T,North Carolina Central University,nccu,Baseball,nccu_audio1
6e3c1a91-7eda-4bef-842c-30a2060c7a1a,scheduled,True,1618098600,1618121100,vs. Air Force,Fresno State,fres,Baseball,
f0982a36-b283-486f-9b02-dbe0c94d672f,scheduled,False,1618070400,1618084800,Lehigh at Lafayette [RCN feed],Patriot League,patr,Football,lafayette_1
b2a4b60e-3984-4788-9768-6e5dae203b40,scheduled,False,1617818400,1617840000,Softball: Brockport vs Geneseo,State University College at Brockport,nybr,Softball,brockport_1
cd47c314-7af6-438d-ba3b-60ed182aa49f,scheduled,False,1618076700,1618086600,Softball vs. Thomas More University GAME ONE,University of the Cumberlands,cumberlands,Softball,cumberlands_2
84b86300-541f-497a-9e21-b32db838718c,scheduled,False,1618070100,1618082100,BB vs.Rhodes,Centre College,cenr,Baseball,colonels_2
167291f5-89e4-4e94-b78a-0c76a28b0814,conflict,False,1618083000,1618097400,Holy Cross at Colgate,Patriot League,patr,Football,colgate_1
4f4eaec3-f054-443c-91b4-ddc1342997c5,scheduled,False,1618084200,1618095600,vs. Montevallo,University of West Florida,wefl,Softball,uwf_4
6dcf15e6-fbce-4086-bce6-047442ba9cb9,scheduled,False,1617817500,1617826200,Women's Soccer vs. Northwestern,University of Minnesota Morris,mnmr,Women's Soccer,minnmorris_2
75e8bdfc-6c8f-4b65-b451-343b0be840b5,scheduled,True,1617997500,1618034400,@ USF (Doubleheader),Tulane University,tul,Baseball,
df24151c-5960-4c2f-8d4b-646c29eea802,scheduled,False,1618005600,1618016400,Baseball v Georgetown,University of Connecticut,conn,Baseball,uconn_2
2dc0f052-65a2-42fc-9d54-73ccad2712ca,scheduled,False,1617994800,1618002000,Lacrosse v Denver,University of Connecticut,conn,Women's Lacrosse,uconn_1
2f20202e-c58c-46b6-8921-5ad07b286938,scheduled,False,1618077000,1618092000,vs. Montevallo,University of West Florida,wefl,Baseball,uwf_1
9d201463-01ea-4625-9cbf-f0b62113b6ab,scheduled,True,1618009800,1618027140,BSB Game Audio vs. Vanderbilt,University of Georgia,geo,Baseball,
2141d0c0-a846-41ec-8088-37473c0fdd9e,scheduled,False,1618081200,1618088400,UMass Lowell vs. Stony Brook (Game 2),America East Conference,aeast,Softball,stonybrook_4
f9d41750-2ff2-47a1-aee9-8699a4a83407,scheduled,False,1618084800,1618110000,Purdue vs Penn State,Pennsylvania State University,psu,Baseball,psu_audio3
24f03837-8553-455c-9e2d-7df756ba219e,scheduled,False,1618073400,1618083000,vs. Evansville (DH-1) (Audio Only),Southern Illinois University at Carbondale,silu,Softball,salukis_audio3
c614f439-bad8-4995-9331-c8b870be8c74,scheduled,False,1618158600,1610052184,Rockford vs. Aurora (Game 1),Rockford University,rckf,Baseball,RockfordU_1
5251cd75-4da8-495a-99c5-112517169ed9,scheduled,False,1618084800,1618097400,Baseball vs Bowling Green,Central Michigan University,cmu,Baseball,centralmich_3
aa8f3f42-624c-4c18-8808-cfa763a08217,conflict,False,1618079400,1618090200,Holy Cross at Colgate,Patriot League,patr,Men's Soccer,colgate_1
2f679fec-dbb9-462c-bcef-f32aa7fb7f87,scheduled,False,1618072200,1618084800,vs. DeSales University,King's College (Pennsylvania),kipa,Women's Lacrosse,kings_1
7d49272d-22fe-4629-8e60-65e2207bbadd,scheduled,False,1618075800,1618090200,MLAX v Villanova (10 APR 21) - Audio,University of Denver,denv,Men's Lacrosse,denver_audio1
6d07af27-56f8-412f-8c35-4dc0cb61eac7,conflict,False,1617997200,1618009200,vs. Madonna University (Mich.),Cornerstone University,cose,Baseball,cornerstone_2
9dc2fcd6-d896-4581-928b-e31436b3b900,scheduled,False,1618011000,1618029000,Behind-the-Mic,Texas Tech University,text,Baseball,texastech_BTM
5e24000b-1c72-4c47-8679-0d5d28304ad8,scheduled,False,1617825600,1617836400,WSoccer vs Suffolk CC,Nassau Community College,nass,Women's Soccer,nassau_1
68d1d443-ba59-489d-bc19-f0dbc3d59a84,scheduled,False,1618016400,1618034400,vs. Northern Colorado,Grand Canyon University,gcan,Baseball,GCU_3
ef2e292f-de89-4d01-94c3-faffede9888f,scheduled,False,1617834600,1617847200,vs. Arcadia University,King's College (Pennsylvania),kipa,Men's Lacrosse,kings_1
86d89eaa-1503-4eff-8eb2-885fe04cd1c9,scheduled,False,1617832800,1617843600,MSoccer vs Suffolk CC,Nassau Community College,nass,Men's Soccer,nassau_2
333ca374-0592-4590-9cb2-5cb6522081af,scheduled,False,1618068600,1618081200,Navy at Lehigh,Patriot League,patr,Women's Lacrosse,lehigh_1
5938cb87-7b71-4902-acde-df5395013f71,scheduled,False,1618160400,1618174800,UWG Baseball vs. Union,University of West Georgia,wega,Baseball,westgeorgia_audio2
46759fbf-d661-4697-80b4-02f45078ede2,scheduled,False,1618167600,1618185600,vs. Illinois Wesleyan University,North Central College,noce,Men's Soccer,northcentral_1
cfb90835-dc4c-402c-9706-de85f9152a16,scheduled,True,1618006560,1618027140,vs LSU presented by Kentucky Legend,University of Kentucky,kty,Baseball,
1fffa8bc-e088-45f8-884d-d9ecaa146f65,scheduled,False,1618075500,1618086300,vs. Team Canada,University of Florida,fla,Softball,gators_audio1
fa4e017b-b959-47f9-9a20-1e46a96ccf29,scheduled,False,1618006500,1618016400,Field Hockey vs. Temple,VILLANOVA UNIVERSITY,nova,Field Hockey,villanova_1
c9d491d2-7d5e-40aa-a598-5671870ce2f9,scheduled,False,1618084800,1618102800,vs. Northern Colorado,Grand Canyon University,gcan,Baseball,GCU_3
2225dedf-776e-4da2-baa2-5358d27592bd,scheduled,True,1618080300,1618102800,vs. Rice,Louisiana Tech University,latc,Baseball,
f1e87988-1e5f-4707-8dc1-dc773937041a,scheduled,False,1618156800,1618174800,vs. Carroll University,North Central College,noce,Women's Soccer,northcentral_2
2849ef7f-3579-4371-ab08-ac4dd7386c3c,scheduled,False,1618163700,1618181700,Demon Baseball vs. Lamar,Northwestern State University,nwst,Baseball,nsula_audio4
8bde1502-ed71-4f33-84db-e90e6371b6fc,scheduled,False,1617826500,1617841800,"North Central University vs University of Wisconsin, Superior",North Central University,ncun,Men's Soccer,ncu_1
4aaf45f6-dcfa-4dd5-b475-d997f3fb2184,scheduled,True,1617922800,1616769166,Carolina Calls,"University of South Carolina, Columbia",scar,Baseball,
024c2e33-91c5-443b-bf00-06beb451e3dc,scheduled,False,1618159800,1618171200,SB: Middle Tennessee vs Marshall,Conference USA,c-usa,Softball,mtsu_softball
72f2aa0f-ee87-4033-bda6-bf0209d7f97a,scheduled,False,1617749700,1617777000,vs. McNeese State,LSU,lsu,Baseball,lsu_1
6feb402b-c9a1-4a82-bb94-5ea04ed93744,scheduled,True,1618004700,1618020000,vs. Wake Forest,Virginia Tech,vtec,Baseball,
5045b460-0798-42a0-87be-0f328b96328f,scheduled,True,1618008300,1618030800,vs. UAB,University of Southern Mississippi,smis,Baseball,
6e4cee88-2019-478e-ac0d-8cee9a555bb7,scheduled,True,1617843600,1617847200,The Grizzly Coach's Show,University of Montana,mont,Football,
5b2520df-7795-472c-be08-b5791ca9c88f,scheduled,False,1618068600,1618083000,Providence vs UConn,Providence College,prov,Softball,providence_3
9959b3f5-c341-4537-a73f-8ce7ca4b43b2,scheduled,False,1618156200,1618167600,vs. Ashland,Davenport University,dave,Baseball,davenport_1
145d8ea2-26e7-4456-85a6-fbb5c943b989,scheduled,False,1618079400,1618088400,vs. Lenoir-Rhyne University,Newberry College,nwbr,Softball,newberry_4
fc299546-8e91-4529-9737-dac7cda64491,scheduled,True,1618008600,1618027200,vs. Bellarmine (Audio Only),Southern Illinois University at Carbondale,silu,Baseball,
6fa074c5-83c6-4c6c-af5c-e651c81b936d,scheduled,False,1617925500,1617654762,vs. North Central College,Loras College,lora,Men's Volleyball,loras_1
60e6d1a7-eb97-4b50-afa4-44bbf181ee9e,scheduled,False,1617748200,1617768000,vs. Arkansas - Pine Bluff,Kansas State University,ksu,Baseball,kstate_audio3
73c1139d-6264-4dfa-bc32-cea65fa09645,scheduled,True,1618083900,1618099200,at Troy (Audio Only),University of Louisiana at Lafayette,ulaf,Softball,
8a6728a4-4862-4c2f-a58d-7a4a9418c610,scheduled,False,1618081200,1618099200,Behind-the-Mic,Texas Tech University,text,Baseball,texastech_BTM
26a79f93-fc30-4f66-8dfb-1f276ab8ef87,scheduled,True,1618155000,1618176600,WSU Baseball vs Houston,Wichita State,wich,Baseball,
6f70c23b-2abe-4e7f-90e4-4c9789686f61,scheduled,True,1617997500,1618020000,vs. Boston College ,North Carolina State University,ncst,Baseball,
afd57d3e-3241-4a73-8b4c-32762522e988,scheduled,True,1618008300,1618030800,vs. Rice,Louisiana Tech University,latc,Baseball,
89051679-f727-4c16-b6aa-ee43c1838467,scheduled,False,1618155000,1618167660,Women's Lacrosse vs. Marquette,Georgetown University,gu,Women's Lacrosse,georgetown_1
dd51a6e5-6b5c-4730-909e-8339f25f997b,scheduled,False,1618079400,1618102800,TCU vs. Texas Tech,Texas Christian University,tcu,Baseball,tcu_audio1
44abb3de-f7fd-4c3d-8087-82ece97869c3,scheduled,False,1618081200,1618095600,UAlbany vs Binghamton (game 2),America East Conference,aeast,Baseball,binghamton_4
b3408b86-b3a6-4528-bfb8-f5169c6cb968,scheduled,False,1618073100,1618095600,vs. Rochester University,Indiana Institute of Technology,intc,Baseball,itech_3
9ac5c557-0e86-4584-9875-1fa9b52a5945,scheduled,False,1618083900,1617645200,Baseball vs. Seton Hill (Game Two),Slippery Rock University,sroc,Baseball,rock_2
90bd82e5-8257-49b8-8829-a4936880c950,scheduled,False,1618066800,1618077600,Softball vs. Montclair (DH),"Rutgers, The State Univ. of New Jersey, Camden",rutc,Softball,rcamden_1
787a8b91-e0cc-46f2-8d2a-852fcc73359f,conflict,False,1618158600,1618167600,Boston University at Holy Cross,Patriot League,patr,Women's Lacrosse,hc_1
d11e64af-35bd-4882-bacd-f8cd7b6e33b4,scheduled,False,1617921900,1617932700,RIT vs Ithaca ,Rochester Institute of Technology,rit,Women's Basketball,RIT_1
9a97907f-efcc-4766-ae72-ead702bac08b,conflict,False,1618170300,1617307671,vs. Augustana,Illinois Wesleyan University,illw,Softball,IWUTitans_2
ec953255-a660-4c92-ab01-a10a9f91f3af,scheduled,False,1618011900,1618030740,Baseball vs. Ozarks,LeTourneau University,leto,Baseball,letu_1
b39de03b-1679-44fd-9d22-9f54fef84fb6,scheduled,True,1618008300,1618023600,at Troy (Audio Only),University of Louisiana at Lafayette,ulaf,Softball,
f912e6de-afda-49fe-944f-d45bca1e8c83,scheduled,True,1618077600,1618092000,Spring Game,University of Alabama at Birmingham,albr,Football,
fd85bed0-8bff-4cd2-a854-4a6925f1714e,scheduled,True,1617749100,1617771600,vs. Southeastern Louisiana,Louisiana Tech University,latc,Baseball,
471b9526-1851-4914-8908-cb3de382ab33,scheduled,False,1618095600,1618106400,Lafayette at Bucknell,Patriot League,patr,Men's Lacrosse,bucknell_1
3380afa8-78cd-47eb-a934-ca3508eb60b4,scheduled,True,1617841800,1617845400,Cat Chat with Brent Vigen,Montana State University-Bozeman,mtsu,Football,
dd092104-e63f-410d-bc29-1655158d6491,scheduled,False,1618088400,1618099200,Women's Soccer vs. WPU or Ramapo (NJAC Semifinals),"Rutgers, The State Univ. of New Jersey, Camden",rutc,Women's Soccer,rcamden_1
d6ac1613-9c03-4498-9743-8ba13f5a3fb7,scheduled,False,1617962400,1617293144,GGC Women's Tennis vs Tennessee Wesleyan,Georgia Gwinnet College,ggc,Women's Tennis,Gwinnett_6
2fbab7a7-cbec-4575-851c-0b27a7564f11,scheduled,False,1617831900,1617840900,SB vs Mount Mary G1,Dominican University (Illinois),domi,Softball,dustars_1
5bc7455e-a220-4f9a-a277-3adb36520f75,scheduled,False,1618083600,1618095600,vs. Concordia University (Mich.),Cornerstone University,cose,Baseball,cornerstone_2
5c7388cb-107d-45b4-8a5f-748c9442b8f6,scheduled,False,1618073100,1618091100,RIT vs University of Rochester,Rochester Institute of Technology,rit,Softball,RIT_1
9ffd721d-726b-4644-8aa5-b59afffeddeb,conflict,False,1618170300,1617307660,vs. Augustana,Illinois Wesleyan University,illw,Softball,IWUTitans_1
85881fab-da21-461e-8046-4c7fb180e99b,scheduled,False,1618069800,1618084800,Marquette Men's Lacrosse vs. Georgetown,Marquette University,marq,Men's Lacrosse,marquette_1
46a21981-8624-460b-b215-dfdcf62f5958,scheduled,True,1618164000,1618187400,vs. Arkansas,University of Mississippi,ole,Baseball,
95484e34-eef7-4684-a277-4359e585dbc5,scheduled,True,1618018200,1618037940,vs. Oregon,Oregon State University,orst,Baseball,
bc5dc027-9160-4add-a360-8de6ba2511e5,scheduled,False,1617994800,1618016400,Penn State at Michigan State,Pennsylvania State University,psu,Baseball,psu_audio2
ca2cd0d6-5209-4687-9bd7-938e50bd043c,scheduled,False,1618087200,1618106400,vs. Texas State,Troy University,troy,Baseball,troy_wtbf_1
e540c25f-a4b0-403f-b8c7-8e710769ab75,scheduled,False,1618159500,1618181100,RIT vs University of Rochester (DH),Rochester Institute of Technology,rit,Baseball,RIT_1
1274a935-48e5-4690-bf97-ec1db0a3b620,scheduled,False,1618159500,1618171200,Women's Lacrosse vs. Manhattan,Quinnipiac University,quic,Women's Lacrosse,quinnipiac_2
cc077e12-3bd5-4b54-a28d-2e5a611af45d,scheduled,False,1618069500,1618088400,Keystone Softball vs. College of Saint Elizabeth,Keystone College,keys,Softball,keystone_1
fed0e37e-accb-4904-8bb6-4f5bb53b1245,scheduled,True,1618080300,1618095600,Audio: Alabama,Texas A&M University,tam,Baseball,
c47b45f4-ebe3-4fc4-b810-14cebd01c5a8,scheduled,True,1618009200,1618025400,Baseball vs. Maryland,Nebraska,neb,Baseball,
78d15776-8270-453a-8d5e-c3728b316a99,scheduled,False,1617825000,1617825600,UH Soccer vs SMU,University of Houston,hou,Women's Soccer,houston_1
db1fc59e-9fd5-475e-98e5-1874cdcc0d22,scheduled,False,1618072800,1618080300,vs. WHAC Tournament Final,Cornerstone University,cose,Women's Volleyball,cornerstone_1
4444bc08-706d-45a4-b5cb-1997d413bb2b,scheduled,False,1618155000,1618164000,Lafayette at Colgate (Game 1 of 2),Patriot League,patr,Softball,colgate_1
0d5c53fd-6901-4f87-a1da-e331a6508664,scheduled,False,1617822000,1617831000,vs. Concordia University (Mich.),Madonna University,mdna,Softball,madonna_softball
3fea19de-9043-435c-8c5c-e89e0f713caa,scheduled,False,1618001400,1618023600, Baseball vs Indiana,"University of Illinois, Champaign",ill,Baseball,illinois_wdwsaudio
1799f2a8-82a9-41e5-a32f-2d7c650ec637,scheduled,False,1618095600,1618110000,NJIT vs Stony Brook,America East Conference,aeast,Men's Lacrosse,njit_2
f2ae2024-9524-45d0-9698-2aaee088791f,scheduled,False,1618158600,1618167600,vs. Lincoln Memorial University,Newberry College,nwbr,Baseball,newberry_1
c53effb2-8582-45dc-834d-4fdaa00554bb,scheduled,False,1617984000,1617994800,UMBC vs. UAlbany,America East Conference,aeast,Women's Lacrosse,albany_3
584cb036-66a8-4a6f-b725-067ffe6c09e0,scheduled,False,1617832800,1617847200,South Alabama at Troy,University of South Alabama,sala,Softball,southalabama_3_audio
1fbfa547-fb4a-4c58-a62e-63ea6178766f,scheduled,True,1618073100,1618092000,BSB: WKU vs Marshall,Conference USA,c-usa,Baseball,
a65b3462-a775-445e-b7d2-c330c4476fbe,scheduled,False,1617820200,1617836400,Men's Soccer vs. UConn,Providence College,prov,Men's Soccer,providence_1
7ae76f4d-602a-42c9-b0cd-52915f71dcc2,scheduled,True,1618165800,1618185600,Baseball at Auburn,Mississippi State University,msst,Baseball,
d986f7b6-fea3-4a03-ac1e-8dbfaef364af,scheduled,False,1617986700,1618002000,vs. Memphis,East Carolina University,ecu,Baseball,ecu_2
c5127d37-1fa6-418a-aefd-1d1c6a61adcd,scheduled,False,1618166700,1618180200,Softball vs. Thomas More University GAME TWO,University of the Cumberlands,cumberlands,Softball,cumberlands_2
823a3c4b-c307-4cc0-ad0c-985461829089,scheduled,False,1618164900,1618179300,Water Polo vs. Marist,VILLANOVA UNIVERSITY,nova,Women's Water Polo,villanova_1
